,x,y,label
0,-7.197277921715683,4.504134840054119,1
1,-9.228346786205613,4.143391194478927,1
2,5.411278397333606,0.024757804013263218,3
3,2.7561088726894343,1.7246724217728366,2
4,-6.218172841958574,4.915286599417726,1
5,-6.040451004066295,6.542061460529066,1
6,3.191898801504632,3.5402365928512154,2
7,4.44364116365976,-4.48790309246316,3
8,-6.69260941825129,3.962189824431471,1
9,-6.884088430204667,-1.9397473607622455,4
10,6.526059734661567,-2.6709414494818207,3
11,3.211711973857158,4.9784900624292945,2
12,-5.331662306062511,7.076989276593456,1
13,6.344514692503493,2.436965753288216,2
14,1.2996725665343387,1.9814368051740479,2
15,4.746229804642351,5.385191244068446,2
16,-6.657846305451695,-0.8943459392448623,4
17,0.682079858337208,3.088406075397713,2
18,4.827520471490004,-0.8112981035827147,3
19,-0.6669217700907661,-0.5396837073520646,2
20,-3.4608008861488484,-2.8961776598859377,4
21,-5.352672776480776,-3.866343778408293,4
22,3.6542254259920957,-4.420857145143854,3
23,4.155834685997398,0.5153962092788409,2
24,6.518360004668708,3.7182871352435543,2
25,6.785358820906583,-6.146666295907918,3
26,-9.676131615887645,6.024479757816231,1
27,-2.3181825221522487,-3.052317402830159,4
28,-4.412229711993415,5.895291835091744,1
29,-4.930479939375828,0.06903616097097087,4
30,-4.2191251545746695,-4.015971630789002,4
31,0.6688512592363343,4.774805825369658,2
32,5.087107797935236,-1.9782717039754223,3
33,-6.022502685894945,6.764746583046678,1
34,-7.23817738095326,5.66886202909353,1
35,-8.879575551190253,3.7902613719035827,1
36,-6.443424083831303,6.241444725962642,1
37,-6.2624359449659295,-3.38142485609743,4
38,1.3579228942422987,-5.966448218397781,3
39,2.392945257581521,-4.8159583901394,3
40,3.1067930942410875,-3.9832835493634096,3
41,2.201833241419431,3.958567258219734,2
42,3.5224512288926144,4.192100522344907,2
43,5.667751045909007,-3.961359402063246,3
44,7.191705447968333,-3.0575373387585785,3
45,-1.613955413722008,-3.1424340967465447,4
46,-0.17430413133826717,2.1558685301443097,2
47,-2.4034062054907173,-3.9148782962693356,4
48,-7.166716386354189,4.392661085340684,1
49,0.40470204032079904,4.701806378123422,2
50,-6.581541722673136,7.794208570909802,1
51,4.985375801469281,-4.086561386617245,3
52,5.972030478178301,-4.39353641226959,3
53,-3.1030274970815532,-1.0343316183861013,4
54,-6.217236886851212,-2.0157262234001454,4
55,-4.6748084152889335,6.664383578884472,1
56,4.266804764040261,3.7879688550617683,2
57,-2.4770071968163108,-1.5039722765488595,4
58,1.2099178135387663,2.450758453077425,2
59,6.17712899715538,1.2253621595866377,3
60,0.9982440122075751,1.3278301075991206,2
61,3.9340309536374107,2.758765466204628,2
62,-9.150717712549838,6.1064939318770355,1
63,2.222971114873614,-2.9975428246209876,3
64,-7.9309941833093225,5.944539519428938,1
65,-7.539867910041151,5.573789608171497,1
66,2.380296844164974,-2.1451878892486542,3
67,2.5476618747497577,3.203817781644465,2
68,6.053284045906841,-3.100395767176823,3
69,2.8662327930309095,-4.714646363804837,3
70,-5.586751236872322,-1.0050000823082037,4
71,-4.865732124392213,5.854918014163731,1
72,4.76068528493218,4.877844771695359,2
73,-1.5018323826554316,5.311314085099949,2
74,-2.5871361302293403,-6.25435650756602,4
75,-5.9330241496872524,-1.6410597011218264,4
76,3.8782165060382647,4.5507651435188645,2
77,-7.159738355398373,6.19337211786069,1
78,-7.625530796968339,4.601904905775248,1
79,-9.277056137171858,2.9354485332762876,1
80,2.033067896510968,5.793981743486016,2
81,-5.349958820088324,7.454698063336267,1
82,-6.5415028004971045,5.3569333473497,1
83,-2.0280705307889946,-2.2619610616925883,4
84,-1.2696090702111706,0.762591154694618,2
85,0.8051465695429763,2.795059852622829,2
86,-5.525347882694573,-4.215802255243855,4
87,3.074238295871389,3.0732689487773888,2
88,3.3465258996376277,3.650246262776446,2
89,-0.7977828933535025,0.41596844722532555,2
90,5.86317399386934,-4.789272717961313,3
91,-5.4116753277248915,6.589601790140597,1
92,2.0404009647343333,-4.96419808338027,3
93,3.0075204674498313,-2.8206237540459806,3
94,-7.583357170856745,4.972642054863872,1
95,-6.22162096379145,-4.520373980644486,4
96,5.177773310297631,-2.914744955208758,3
97,4.788053400530195,-0.8625803289598561,3
98,0.9812420512070628,3.6608455287538426,2
99,-1.2279474105846138,0.34830146898722925,2
100,-4.267153323794704,6.970010689274063,1
101,6.146102961333817,-3.042107917576176,3
102,2.6207311642461177,5.63896634311412,2
103,1.8884674508701877,-0.17953585930514748,3
104,6.497244722195115,-1.0551941666326656,3
105,-1.4798521834142444,1.6112542767420424,2
106,3.4027886733906323,-4.5171365306997595,3
107,3.966421171474305,4.722649516320719,2
108,6.790991702353187,-1.3834480619175729,3
109,-0.08901297065459124,-2.718246262186225,4
110,5.399498754514988,-3.437374896620859,3
111,1.1740111454786357,0.6885201292005312,2
112,-7.557567324648219,6.0256641167053475,1
113,-5.912691391213464,-2.728984575302442,4
114,-2.7445841524105967,-4.694194680483857,4
115,-7.8992615205059415,-3.486909933962215,4
116,-4.615753184212155,-6.732056554524624,4
117,-1.098987282214443,3.683536541107916,2
118,1.8347957471579124,5.202162550517418,2
119,-7.033077597736953,3.8763374177389394,1
120,-3.0200906937934477,-1.0871652683433402,4
121,-6.812148519324786,6.835968834412753,1
122,3.2178171869045737,-5.549969393395111,3
123,-4.919826678607167,5.3231768986539345,1
124,1.527197013669276,-5.505679824869301,3
125,2.3069629688517472,2.2775047289872408,2
126,-5.106466928005219,4.608722641411109,2
127,-0.0560021977769245,-0.270457083943314,2
128,-8.172135412947775,5.032025272772801,1
129,4.121497454805797,-3.905177541742022,3
130,0.21511718665800994,1.2713647434738822,2
131,-8.199520555085583,4.692255859239168,1
132,-2.937128195714266,-6.798515430269324,4
133,-3.776977768848685,-5.91844088536523,4
134,3.8538430190984476,-2.7086296090808517,3
135,-6.309292502020144,5.929345812985298,1
136,-4.267975630821486,-3.4174917731700383,4
137,-1.7139151812004738,-2.7176057260095696,4
138,-3.420803703789971,0.3099041888105005,4
139,-5.032885986007252,-5.245992402545547,4
140,1.3467876520446946,3.399465937840861,2
141,-6.936381433451954,4.0271811793734305,1
142,-9.649728183365541,1.8889829725681562,1
143,-7.9809866305832395,3.681078404306449,1
144,-7.658714842589346,5.846522452186192,1
145,-5.7450163882271035,8.538051275023516,1
146,1.3422886494918975,0.8669722501710755,2
147,-8.30688487080596,4.444354102742664,1
148,2.3803612322805465,-6.217539028200759,3
149,-6.747273038141912,8.787705055968974,1
150,-2.277107074038171,-4.796972532356576,4
151,-6.733745197651156,2.612843811108612,1
152,0.7734552725064244,2.487888496203871,2
153,-8.196339425099822,4.079419392515545,1
154,3.9225315125896105,-7.40438477346102,3
155,2.9949292251208592,4.786465287527163,2
156,-8.823326943963881,5.500391661860271,1
157,-2.153051653514325,-5.974215073932023,4
158,3.4315784325084833,4.319600681783629,2
159,-6.8817541545774015,7.833582659242502,1
160,-2.572427199479266,-4.710552392983421,4
161,-5.994149564091342,6.0210024358402485,1
162,2.697512710046493,3.662048379563889,2
163,-7.279682919717967,4.0880188070496715,1
164,1.7048517440686453,5.416914002285035,2
165,-8.3834798864963,5.980663092583929,1
166,4.650554483451633,-2.3752623858840907,3
167,-2.214732959443764,-2.8084033415926717,4
168,-5.4586376450809695,4.396097348371702,1
169,-4.182408390431549,-3.2239222622540273,4
170,-8.649478204971434,4.108364824774403,1
171,2.4775927752144935,-2.66508900785587,3
172,1.6389674052162877,5.144759520522703,2
173,-1.9598313097293176,1.078821593100936,2
174,8.338312717480434,-0.946821813974406,3
175,4.781026462844009,-2.284504206945729,3
176,-6.039100635884493,7.168491603531494,1
177,7.406858200577334,-2.6417795339924783,3
178,-4.499872043017648,-3.8590740981921465,4
179,-1.388559964354446,-2.6657581326478414,4
180,-5.896581958478348,3.773523302345592,1
181,-2.837171499871462,1.3651773089130983,4
182,-4.839807869422655,0.44887511014192016,4
183,-2.2190997663955017,-3.0354783826808154,4
184,5.113499923354294,-2.2857652560985433,3
185,-1.0472283068176655,1.692823127078329,2
186,8.44042972461684,-1.2381725076061265,3
187,3.0791053440185934,-1.6568443738197929,3
188,-7.797590340848105,5.019257810398938,1
189,-7.5887698488896325,7.923695221545818,1
190,-6.106601378296553,6.198540370457194,1
191,-6.596857370277542,4.6665529283347515,1
192,-2.4597375416750924,1.5524771457688373,2
193,6.507658617417208,-5.4108117816755925,3
194,1.6911037506377,-2.7209680927978757,3
195,5.318502563273716,-2.6711056484529037,3
196,-5.8609218665646265,5.64461798423774,1
197,2.5189061947986993,-6.31073993643716,3
198,-0.7743930197470079,3.096046284387363,2
199,5.376555331658835,-6.275389469095078,3
200,-7.252873883896163,8.515245034382922,1
201,-0.7180143060878295,-4.760447989338559,4
202,-7.747054434821885,3.757340220336868,1
203,4.270098971138615,-2.619898368111643,3
204,-6.812050144772556,4.772196734720864,1
205,4.543527322392853,-3.8620924560632455,3
206,0.9687711227221621,3.0411053988994534,2
207,5.617036193656318,5.183938843183474,2
208,2.492763216284649,-3.339751688216074,3
209,3.1018905830425405,4.538455319642058,2
210,-2.4421332390576067,-5.06100680969308,4
211,3.6929585280207067,3.0290644760030756,2
212,-0.430227100653376,2.870359390239491,2
213,3.3417507713431984,4.074379139719835,2
214,-0.11618260290712801,0.4576628047319806,2
215,-4.364402938824093,-6.135547836110478,4
216,3.8898834056292375,-2.0165131694723466,3
217,-5.542384653922181,-1.8371617072477022,4
218,-9.097934831291607,3.6565882270698102,1
219,-5.8336150434136105,5.000523503903409,1
220,-0.48743600665902953,2.3687536037689303,2
221,-4.870146937256308,-3.837021742258224,4
222,2.2767146166881043,-3.8964207236299044,3
223,2.830100106004915,3.685379513360322,2
224,-5.905632826714262,4.953005985397431,1
225,-5.8079972023537,3.9114816505863503,1
226,-4.993152573419401,-7.747758013519748,4
227,-6.361392093567261,5.030755851128129,1
228,2.8283546528594314,-5.926037476313512,3
229,-4.7824149752019345,5.5477366095093785,1
230,-0.6208615915799922,3.5048628004635756,2
231,-3.4789819392818506,-6.496907061996934,4
232,0.02489277813837809,4.053983424376982,2
233,2.5795483396014935,4.90342933570588,2
234,3.1294218333126658,-3.961875182891024,3
235,4.040378387117776,-2.3681611183410594,3
236,4.164913022736206,6.377460914180389,2
237,2.3248757552634536,5.294362758295025,2
238,2.5286166558123444,6.9309475505533396,2
239,2.5425677262478166,4.620025409576855,2
240,-5.855517752271988,7.301524068384227,1
241,3.5034372476816342,-2.6637468144807332,3
242,-11.20265303286252,3.230788124138185,1
243,2.8054452365859346,-4.823962718572922,3
244,-0.33637671457377527,3.7316198274061927,2
245,4.978685645717987,-1.5800752077486542,3
246,4.912143837134351,-3.5736912056861283,3
247,0.8813728508248583,4.295673188779796,2
248,-4.853426513304326,-1.6409724189553214,4
249,-6.848559297229042,4.344768375656818,1
250,-1.4562090415272175,-0.5348131771496036,2
251,1.966129308508707,2.6650982986044216,2
252,-0.9417582724713438,2.931010288261181,2
253,3.238035861943157,-3.4811825549090036,3
254,-2.699276068301539,-5.747961173449466,4
255,-5.8624451457591835,-2.9735277011004717,4
256,-4.991916505095739,-2.1213785689667075,4
257,0.5532554449282976,3.6641668632370012,2
258,-5.495759779932498,-3.1709268999103273,4
259,-5.921302128182839,8.46692488164178,1
260,0.9465040888123919,1.4505910965840836,2
261,-1.059717137298367,2.5452475032089614,2
262,0.12305045419157468,3.7810725734205777,2
263,6.868923652351249,-2.2028966725284307,3
264,-5.522657235937245,7.975595225769784,1
265,-8.39382460972795,4.836975671717614,1
266,-4.542068481431426,-3.571206086773257,4
267,4.8567961857248525,-4.041548298937766,3
268,2.6824961511776846,-7.396945471260752,3
269,0.21763065249637803,1.0183150740565887,2
270,-6.913672794229198,6.907714126931355,1
271,1.2737731049848486,-4.319119826560181,3
272,-3.4700690324694077,5.72166081447179,1
273,-6.665755410839763,5.894637373889346,1
274,-3.126971945646589,-1.4883472489331275,4
275,2.053996291156043,-4.047212198474172,3
276,1.9133524133531754,-3.7181070889122383,3
277,4.2578479744327815,-2.6739311307354203,3
278,-3.7528286820088006,-2.3086492763382047,4
279,-4.437296741248865,6.6731343640778995,1
280,3.6602960928421817,-4.843074538279447,3
281,6.854237695527104,-2.294196601621617,3
282,-2.971174792162748,-4.761278478412687,4
283,-6.497733616483058,-4.9032215002576836,4
284,2.861306874941584,5.767947837358497,2
285,4.178893182271769,-4.8209626395205545,3
286,2.2822114272066454,7.096939960506745,2
287,2.6122969205050746,-1.8882665227373776,3
288,2.6562913966553516,3.435306164539189,2
289,-4.771119233059681,-5.102011416286162,4
290,2.0360783442048818,1.717966160692297,2
291,-6.740066432274131,4.952988229807731,1
292,3.670891899201522,3.2290788039009835,2
293,0.8249462891099215,1.8534791410860467,2
294,-3.9156547621783915,6.661747261730399,1
295,4.24648768885886,4.569797871195815,2
296,1.056996196139321,-4.162914448017559,3
297,-1.1946980157156117,-4.633411502239103,4
298,2.7532775559639258,-1.0094335253377502,3
299,-8.728762114490758,4.859916085943821,1
300,-4.330960674367375,-1.6587708788688,4
301,-6.888068459795595,6.057633260428066,1
302,-3.538015085035243,-2.5640294266965817,4
303,-6.558640610735625,2.822835393009766,1
304,2.1485459840650085,1.946463478332318,2
305,-7.345125639904494,-2.3533858693350647,4
306,-2.557604803062058,-3.4774361667015388,4
307,4.740728501585142,4.196927891792003,2
308,-8.291581436915122,5.905936107186894,1
309,4.811696923824939,-4.660538514963004,3
310,4.942072577697529,-0.7481559979613621,3
311,-6.504363095899734,4.601526090750843,1
312,-6.725717638392139,3.8848622518370926,1
313,2.2276330815976886,-5.811305499276626,3
314,3.92322520852969,-2.4823411600417757,3
315,1.1314820279953748,2.378027815425059,2
316,-1.345561183216983,3.298782944254699,2
317,2.041921099545708,-4.509246150944367,3
318,4.390979780165747,-4.985805777199569,3
319,4.045165923999399,-2.064049934296166,3
320,-5.9751351725660875,-5.666488105363787,4
321,-4.81915401199003,-3.5077953224401193,4
322,2.0423711788991477,4.646926249323198,2
323,4.691915287124388,-2.147948898681693,3
324,-2.0444988167240137,-5.017893157380199,4
325,-5.974152360710313,6.272242607567703,1
326,2.853483875875631,2.9958521424083937,2
327,5.037161495270539,-0.7937808638133501,3
328,2.4390040856954944,2.0870924511803026,2
329,5.001578717810006,6.138136437785324,2
330,-7.767839315075799,3.652427521999222,1
331,4.737739621260403,4.924975501159857,2
332,-7.906264621531339,-1.768252802074999,4
333,3.278109299881597,5.0711803302607965,2
334,-6.384668079997976,-3.3966680677840007,4
335,-9.05202632832239,4.737940982023085,1
336,1.8919360554929083,4.133896152955954,2
337,1.0235657041750235,0.7663244198587194,2
338,-1.807631024234778,-1.100209000905759,4
339,-5.552849509917217,7.977487362025025,1
340,4.9248376139699355,-2.5163288620779984,3
341,-7.553853526750101,4.627415858652956,1
342,-2.2681607163661095,-1.5498259224914896,4
343,4.175068582654125,-4.076848421006579,3
344,-1.6648823390780518,-6.130432767092538,4
345,-1.7335166600094576,-0.2432640474434935,4
346,-0.005069765455116837,-3.9502038822559054,4
347,-5.117395945033506,7.035520675307015,1
348,0.15142598269226548,1.4790105895317776,2
349,0.8186369930130466,0.9307627662892966,2
350,3.6848959986065157,-7.09560102460089,3
351,-4.083167598060331,-3.1036548404831383,4
352,4.743427940320361,-3.2252706372606306,3
353,-7.4681527704588095,3.2228546700927905,1
354,0.8409840611736694,2.786230876209807,2
355,-1.6810310701219637,2.6339959862627325,2
356,3.781143288034618,-4.6442883548030185,3
357,-7.305936940777233,-5.928667887056607,4
358,-4.668794064397126,6.0014496929053305,1
359,-5.767960306620175,7.086702793737508,1
360,2.1045785145424154,-3.6898337692597463,3
361,-5.399951433515557,-3.0793769167034206,4
362,-2.44291861838943,-1.3233512818753574,2
363,-3.5774403464385687,-5.897196615596787,4
364,-3.474288141176695,-5.084809354684338,4
365,3.3154916513779518,5.786536288361441,2
366,-7.161216603280696,5.1496714374369965,1
367,-9.080548306972428,3.274803911549371,1
368,-4.957984421037389,-4.987201702089773,4
369,3.478930153002769,4.577812958611704,2
370,-2.8987945669321693,-4.6646397465890885,4
371,0.6755911634334488,-3.6910901975962167,4
372,3.327624926955911,7.10182963912,2
373,-8.195132930765013,3.023913808518695,1
374,3.235602261027375,-2.6782933642575415,3
375,-5.011755435341854,-4.033883912421802,4
376,-6.49230961196661,3.734984708537324,1
377,3.652495921499112,-2.6054451475343736,3
378,0.031073950473648804,-1.7976447860003404,4
379,-7.3279529944849,4.074321839396195,1
380,2.439447511171175,-4.940642561958121,3
381,-0.7757715776668546,-8.061432815139543,3
382,-3.180530862786484,0.15905232228241273,4
383,-1.5541946863021017,4.8825331978970485,2
384,-4.2750009575930745,-1.5967725952772711,4
385,-7.486459845604418,5.274933437650731,1
386,1.9716141157546008,-3.1340677632086416,3
387,-7.222656929837165,4.419544305577358,1
388,1.4112004812298493,-4.9657365936677,3
389,-7.37394841790815,7.146865879016812,1
390,4.903006090400801,-3.5846514851239317,3
391,-3.363612151206859,-3.6131131189176044,4
392,3.5362027997898338,7.498284244760365,2
393,4.15780767877656,-5.121430769759806,3
394,3.502433520342005,-2.4605036397258093,3
395,1.2024494308903724,1.544200898616567,2
396,-4.3313120172922215,-3.262016295246856,4
397,2.2855226560012385,5.228417803418165,2
398,-6.561737664505493,4.384962527337915,1
399,0.1304011501394955,2.633573554368664,2
400,-6.316447055349716,4.206902768323916,1
401,5.579475360876697,-3.8716765076206436,3
402,-4.783146441761256,-2.984515337988,4
403,5.196862518151624,-4.198364972478214,3
404,-4.499087982742363,-1.440975676845491,4
405,-0.3456644716829982,-5.792513071752578,4
406,-4.238654209693101,6.08371638211003,1
407,-5.932929883705924,-10.57791959068149,4
408,2.4259630103488274,4.974142503380966,2
409,-7.103085909766708,4.216817364952618,1
410,4.944045972486889,5.992161189278007,2
411,-3.7371648670887274,7.198901121389495,1
412,-7.4893784871378335,-5.870822434182337,4
413,-2.049070240195782,1.8654329740403486,2
414,4.770560019804013,-2.579670027776699,3
415,0.6979416277521471,2.1144144815901855,2
416,1.6810814809134529,5.48850346962937,2
417,-9.431638963243088,3.944235420336511,1
418,-8.407268808790425,3.6649424754451516,1
419,-7.6403470283906705,3.71548453639794,1
420,6.962242111544444,-2.1746626747990607,3
421,1.6022780493536009,5.339585695918068,2
422,-6.48687388375429,-3.1982630588776484,4
423,-0.8588047036383939,-2.5304847719764547,4
424,-2.43305841082936,3.7262696129620965,2
425,-7.81869111092678,3.9055564793507753,1
426,-3.0955771145471838,-3.713499658944878,4
427,-4.086981561340381,-0.03405532579978088,4
428,-3.1013961238598826,-8.049798620060292,4
429,-0.09529894274773287,-6.10263257841164,4
430,1.0265311598100366,4.904909469723547,2
431,-5.988783949126925,6.516060192072764,1
432,4.908631365871582,-1.1405629109869735,3
433,5.286736251482836,4.301002457734422,2
434,5.181849945268537,-4.126665612771724,3
435,-6.977809607314635,6.0253009962444555,1
436,-4.931227182598249,7.009001926773552,1
437,5.438417253123678,-2.440895667020734,3
438,3.6520102624010047,3.3729779597711778,2
439,-0.7574986223750453,2.536200393446305,2
440,-2.7678276119724305,-4.647738028936012,4
441,-7.553084481553209,3.846171734959894,1
442,-7.002609407573932,-2.258908662636107,4
443,3.818679112587261,-3.7300986032563177,3
444,3.0809001077737386,-5.693960708827123,3
445,-8.861068189030295,6.267062475449394,1
446,-1.403144690087856,2.296920868804311,4
447,4.55521135663006,-5.078737857043663,3
448,-6.807687134052831,5.0396972114139595,1
449,-5.969999717745091,5.5906572130283765,1
450,-6.220525814831253,-3.038359226456378,4
451,2.332574343198838,-4.037925441865185,3
452,2.7611903711127486,-1.4664486211324563,3
453,-4.78915730820356,-2.9342089160684512,4
454,6.91808954161674,-2.655496642089606,3
455,-0.4122116277891492,-2.3655614868718997,4
456,-7.50853476749667,4.977593785469047,1
457,3.0851348946646047,-1.4684747052046678,3
458,-3.519369517862253,-0.9107163157974547,4
459,2.7518831248076747,-3.225574169938829,3
460,-3.2272389203004246,-6.474392076346568,4
461,3.1325017208700383,3.5102795852896564,2
462,2.323639752768755,-4.343936526939285,4
463,3.056676252931556,2.4142569684469235,2
464,3.7376937104462287,-0.7539629640817296,3
465,-7.472860970548361,-3.5969759826084617,4
466,-1.3790612378382976,-4.356923894567703,4
467,3.232060370404046,0.7994549917969351,3
468,-5.926878013995204,7.713980522382646,1
469,1.7096413983273493,-3.377889359916698,3
470,-8.117962800717601,-7.130899364091775,4
471,4.669452063739654,-2.6267611888673477,3
472,-6.119976233294027,4.889259531177131,1
473,4.329533504742974,-3.3172777426370477,3
474,-2.6714886014045205,0.31024212950426877,2
475,-8.225087653728796,4.741930518973034,1
476,1.7689963274879537,-4.700740762717584,3
477,6.036226578080338,-1.807238066565818,3
478,4.9815207994134605,-3.796735901256356,3
479,1.8200373677230381,3.838151986530988,2
480,-1.7198339039975319,-2.2762178128522734,4
481,-6.594320531544001,5.536463656006424,1
482,-7.80931862149605,3.723632838978758,1
483,-0.7784231485570428,3.65990423883103,2
484,4.320639882494495,-0.5061748231905865,3
485,2.0882803281025883,-5.05058613270886,3
486,-8.094716584335044,6.232115247823839,1
487,-3.079110381356215,0.2809951142124918,4
488,2.2027932588221115,5.441890022421689,2
489,3.8608581001763023,-2.4690358152237715,3
490,-6.91521812776136,4.637595773383175,1
491,-4.750698212174424,-3.642240771007607,4
492,4.605867915939322,1.3880944030094868,2
493,-5.47892435576539,-2.277779954924899,4
494,-2.7803555481259,-6.5073191558611825,4
495,3.0447809707999247,-2.414804469431398,3
496,-2.2031183359250335,-0.7060068988967276,4
497,1.2855657326648806,3.816477838784962,2
498,-8.849798040847782,5.1561574529569505,1
499,4.691829579676911,-3.9058137263252894,3
500,1.736924587169011,4.289809230128064,2
501,-2.3189686921288466,-6.700608433119234,4
502,1.2393321441291443,-3.1779085191313605,4
503,2.279158251266098,-3.904409318674209,3
504,-8.424590884273744,3.741913698195199,1
505,-7.562406757864419,6.31574318865653,1
506,0.9323181675030155,4.029970057505203,2
507,0.6469923371935018,5.209609909836694,2
508,-0.8411026692234445,0.5661459497236137,2
509,-7.509714540037156,7.941734676499734,1
510,3.376703751376179,-3.809980746559223,3
511,2.3945027892136936,-0.23394724531507993,2
512,0.4803008450576963,1.3425382659501812,2
513,-9.653396494989593,6.03414656870642,1
514,0.5781014483791203,-2.9282233878110273,3
515,-3.5254860421176866,-2.789054543553536,4
516,-1.9203304870716753,1.1812148523513977,2
517,-4.593856638161874,-4.3757808170567705,4
518,-6.019191922343048,4.335900472838949,1
519,2.981616141103372,-4.146373001490905,3
520,-6.225766780255039,4.316950089189882,1
521,4.2544815728597305,-4.551150525807321,3
522,-1.0967937660979272,-1.1553604537054594,4
523,-6.234401553224551,5.477755483973374,1
524,5.220778264315345,-4.46375999388194,3
525,-2.7718178163590363,1.9184162133746434,2
526,1.286235176740239,-0.5962312677967958,2
527,6.361339270616073,-2.7567377166392366,3
528,-2.126322257313994,-0.6500163739317237,4
529,-1.8829139634568832,-3.2589084942285087,4
530,-3.245917529645152,-4.485108016911468,4
531,-1.0578321738677823,5.166052864648501,2
532,-3.4068587262353858,-4.08750115506778,4
533,-7.30718910179047,5.653351152391295,1
534,-2.9512070673672173,0.4279067370940197,2
535,4.7079901349135085,-3.779839646827344,3
536,0.06692969890005318,3.2821609481594876,2
537,-4.143605929268714,0.3043648808376873,2
538,-8.065124233837171,5.80362746343302,1
539,-0.29964911494815194,-1.5118113889290403,4
540,2.649606836799799,4.087333296144861,2
541,2.4830061915900767,-2.72994796940251,4
542,-7.69180581267884,4.091904501698477,1
543,-6.393045545749214,5.47260503087314,1
544,-4.13758978088269,-0.6710666796228866,4
545,-3.628266077197602,1.607111463796271,4
546,-0.23172628554135755,2.6976283151653075,2
547,-3.701423478044866,-6.390595290849868,4
548,-4.918280837587785,6.534934693165143,1
549,-7.103099095575032,5.247731937728721,1
550,-2.146232187782323,-5.396250083824338,4
551,1.2719305605452407,2.105814860829552,2
552,4.80519881036668,-3.4343092722203976,3
553,-4.655065039266425,-7.314924556846538,4
554,-6.671603383103885,3.6858449900918524,1
555,5.572422977294798,-0.506754556571563,3
556,-6.96667349375264,5.565449177863157,1
557,4.364917338075401,-1.1822137702137843,3
558,-3.310435718095756,-5.212573854938707,4
559,-1.7999572346354036,-8.259997544273967,4
560,4.33010738555225,-2.7900136627570333,3
561,-1.7059700714191504,-4.309121398828254,4
562,3.325197247644046,-3.9950484967452473,3
563,7.794074720500225,-5.352606414585928,3
564,-2.1135761597684484,-1.4587109303205086,4
565,-3.786433623390543,-3.8461208422567355,4
566,-4.582274494673902,5.283717856208156,1
567,4.29274885146703,-5.947351792054819,3
568,0.826256754191467,4.689200796744194,2
569,1.129387130079747,2.4007210777110872,2
570,-1.8917594290694453,0.7318608077815703,2
571,3.21153558027414,-5.132199536656599,3
572,2.3704009376373385,-1.8319165441841296,3
573,1.6741694407624446,0.43986646760564785,2
574,-3.4081790141453423,-3.0397926180875667,4
575,-8.470278354130755,6.38222032662182,1
576,6.511352879537646,0.31552899149875735,3
577,3.677801377178743,-2.8572651066254253,3
578,2.471939624440349,3.8257402538081138,2
579,-6.144450864671336,-5.345914003021097,4
580,-0.9777971216934547,3.4741615695637527,2
581,3.1277466415381614,4.01989239705827,2
582,-9.239764749213702,4.569769892108691,1
583,0.9391761139394866,3.213959712106448,2
584,1.1060277580006042,-6.936983076055183,3
585,-6.326554823412289,5.371729051759311,1
586,-6.409917171284713,4.357582171393627,1
587,-2.691486245376014,-4.47346066385573,4
588,-3.4011332459156165,-1.3613167133999746,4
589,7.625571767124008,-1.3869991136565782,3
590,-7.160918727930956,4.335477021413496,1
591,3.875637801000637,-3.0978069840959166,3
592,5.662543255541216,-3.6449646457898157,3
593,1.4734668986526516,5.301176825068316,2
594,4.340664823121957,-4.297508384256297,3
595,-3.6788846410148652,-4.463859565306941,4
596,5.150915709917081,-4.658440896541886,3
597,0.2184463195051194,-3.8955724656145065,4
598,0.4033192451893467,3.704240883620729,2
599,-5.9130624397712594,-1.5322733657052674,4
600,3.362069115888735,-2.55970047827498,3
601,0.682109478796102,5.035349883839296,2
602,3.9393346244946756,-2.8018787313788533,3
603,-4.2688090183867455,4.966977844427327,1
604,-3.3326333072559047,-3.7164349115502677,4
605,-5.602525583909894,6.421556427199889,1
606,-3.07555803006073,-4.854524826161094,4
607,-6.468029538638731,6.6571914496709725,1
608,-0.11650192052121522,3.6536347565187106,2
609,-5.43219794181832,-3.521835845039559,4
610,-1.3788983829710775,1.76395442961174,2
611,-4.383948069879615,6.255147315838763,1
612,-3.077598127572994,7.722490343104363,1
613,-0.5372049802229952,-5.447654453057079,4
614,2.220230135014259,-6.587305994154006,3
615,3.939358696999125,-6.866545633152647,3
616,-4.48539516564519,-5.197858911007421,4
617,-5.7563959012931125,5.2786567949718135,1
618,-7.677814722298869,3.1382409496120536,1
619,-4.242496565258712,-0.8328008471669,4
620,-2.006048849499626,-4.465874968918529,3
621,-1.7247911429936535,3.8920344975308376,2
622,2.5326229623669576,-1.9466402352173342,3
623,1.7702331147421164,-6.194716831067427,3
624,1.7147036758087033,2.9314584666491106,2
625,4.1010705538738765,-3.016513996846847,3
626,1.6572928539600742,3.5793155605811426,2
627,-0.5746165558442402,6.5160031552962,2
628,-4.878170297584067,-2.6441632888950553,4
629,2.5635532211343706,1.442334549225956,2
630,6.283360151231921,-0.7727595861065142,3
631,1.6733054828353733,5.305073156014935,2
632,1.77855736547299,0.1772097803134849,2
633,-6.03630250901936,-4.852389392415748,4
634,3.632417964709238,-3.830890468776444,3
635,-8.541256095033278,5.065266728824738,1
636,-1.0118419792870101,4.202656982557373,2
637,-5.818998582796516,2.8911851516044758,1
638,3.476405996294268,4.205501535807178,2
639,-7.195035939716301,6.351873768918442,1
640,2.780482504323438,1.9407097649388931,2
641,-6.174335333337923,-5.264481647728931,4
642,4.4817096665627965,3.5132550958683257,2
643,-8.187061080739461,2.3066786387522087,1
644,-9.121248018519838,5.871337978666722,1
645,-6.8349071795535306,-4.231239842981872,4
646,-5.259930954808341,5.140991752881651,1
647,0.06095269691825789,1.0593446300021805,2
648,1.290546237305634,2.3581194952911355,2
649,3.6465681597760224,4.937267496716203,2
650,-7.812333952959499,2.6460763378386245,1
651,-7.651678753971341,3.8387303710708496,1
652,-6.271819187397928,7.942665763101089,1
653,-7.617748788416063,4.138655038821353,1
654,3.0799162065208874,-5.102264074384595,3
655,-4.843279682578223,5.283904735038703,1
656,-1.3589282358364425,-6.994161517614145,4
657,-7.791001584072571,3.685099742760008,1
658,3.5392000216035244,5.317311239594199,2
659,1.611476776035051,5.620542336393971,2
660,-5.810939224137852,0.035781236481665424,4
661,3.263967396564141,5.540128191346588,2
662,4.547971964544308,-3.8097191155666827,3
663,6.283205368918065,-2.2704466884137853,3
664,1.4431640262555097,2.8512561381210166,2
665,-4.02632340303286,-5.65815477886845,4
666,-4.853047903603288,5.993767998172866,1
667,-3.264211637505388,-7.697240488805258,4
668,7.123429181150978,-3.9725138266954483,3
669,-6.727303225360194,5.891918743216634,1
670,6.578843135989143,0.8082097430625579,3
671,-7.728477459916315,4.655558706152524,1
672,-9.674095527976512,5.312413897320282,1
673,-0.7588930915459402,-5.086947932660967,4
674,0.5135541057699236,3.5913368519382454,2
675,0.832511220404142,3.449464492064589,2
676,-5.85909372038339,5.935782180152403,1
677,-7.225372859400164,4.160869458028488,1
678,1.016270127664487,1.360071133687093,2
679,6.1953812158279025,-0.6410870815598426,3
680,3.1367934356931584,-6.091293872122481,3
681,0.6129214844142375,5.1892370612062235,2
682,-0.43560934245224714,3.64036420745544,2
683,3.5895788389584666,-5.637955688032084,3
684,-4.013808697070041,5.656759564641605,1
685,1.2165943312163736,3.250996562537785,2
686,5.071002353898565,6.409143983616395,2
687,2.504544705277831,1.8293220200320568,2
688,-2.019066345127258,-5.507933496678735,4
689,0.5951745712688741,1.8448308984003088,2
690,-2.8454721798550686,-3.2090127545996614,4
691,-1.537563552715823,1.6924279409259961,2
692,-3.25042205799203,-5.687914283061944,4
693,-7.465100238514432,5.139381056000945,1
694,-2.2760482932368524,-1.9662316152340047,4
695,-2.3184665910899054,2.3618413346009284,2
696,3.516930471149816,5.352018547660885,2
697,4.862033125797817,-4.148090457042243,3
698,-0.7608575640134596,1.4288229966801445,2
699,-2.654839480869944,-6.872150088048929,4
700,2.430821860651158,5.7294677306235595,2
701,-0.8379713815018284,1.874081081364987,2
702,5.042161099937604,-2.8209549896265185,3
703,4.817130413699129,-1.8223539357993195,3
704,-3.2365656427440603,-1.4278402195887123,4
705,-7.150031034747013,7.138445861736308,1
706,4.0217794802807845,-4.19438083807454,3
707,-7.966374567926083,-3.7730193417377076,4
708,-5.204601160324697,5.925005923396904,1
709,-3.1043025917442195,6.721955285846083,1
710,-4.389689979899105,-7.2038760316946,4
711,-6.757021153239118,4.591086836324348,1
712,-7.619211922927238,1.3325776182275142,1
713,-5.165169549743622,-4.375648654028952,4
714,-6.221239027739783,5.2782469075641245,1
715,-6.732210517345374,-1.5057551721882727,4
716,1.403950408053178,1.866195021253043,2
717,-6.044806365761923,6.608527715344563,1
718,4.64534546549649,-3.9528409470176404,3
719,0.6069860856304459,1.899662674503274,2
720,-6.447438380880171,-5.543053461424433,4
721,-4.661713373149174,-3.1573663529790403,4
722,-7.072616803980392,4.50813263507185,1
723,6.09318261110972,-3.059878942180919,3
724,-1.4507210702303617,-5.341911797098934,4
725,3.290251379905155,-3.128135960081033,3
726,2.0305886854580155,5.681580087566081,2
727,5.692087861551975,5.718904700116096,2
728,0.6440215779329413,5.369373791081589,2
729,-5.070330939626544,-3.6304475286662994,4
730,-5.474389532250648,4.282875744377755,1
731,2.0400570217051683,4.708056163112738,2
732,-8.607425123877135,5.763037827212233,1
733,4.680555297677735,-3.8498812924580132,3
734,6.74923606938669,-2.657519084036102,3
735,2.8820974543197404,-4.371813546946115,3
736,-3.2125090477508795,-3.7488943675207116,4
737,3.2032233879199237,-6.968951497936921,3
738,-9.548561958990758,5.6081788642159385,1
739,2.7135283973005295,-6.12801933161956,4
740,2.212259528923466,-5.738097244348948,3
741,1.8481870200882722,4.444304836173413,2
742,-6.7103286850543755,4.517121917189247,1
743,0.632726303631566,-4.765598057901213,3
744,-5.603314081654079,3.6168375119122484,1
745,1.470012287602323,-2.587638776695795,4
746,-1.1463682440154748,2.3181256267413817,2
747,-3.1596992911821293,9.049619756459833,1
748,-6.313291718281889,-3.0752163160295485,4
749,7.174792847988536,-2.4102262351450783,3
750,-6.058888471374016,5.34310953053956,1
751,-4.1718546263483685,4.837788070387473,1
752,-8.118098083552548,3.4289267484703867,1
753,5.440798007373038,-2.3831163571705725,3
754,-7.998425129165549,4.13495481386407,1
755,2.802790423982267,6.565793857997756,2
756,3.226271129728906,3.080668474377135,2
757,3.680803567443964,-4.402332532189361,3
758,-2.139463578209174,-1.6709187931930378,4
759,2.4511449849600853,7.175510521917792,2
760,-7.1715000769170105,4.719941220921286,1
761,-1.3835493558857874,-4.253444105604648,4
762,-2.455497222046705,-0.8552619956150829,4
763,-7.582923990412079,2.938749353500576,1
764,-1.8885580832312137,-0.19681949138878663,2
765,-4.043841307784077,-3.5891672516102164,4
766,-3.0623804269669614,-1.8575939659992027,4
767,-7.23869046440483,5.589689142584541,1
768,1.9815772594185503,-2.451251248169693,3
769,1.435658521713453,4.989947019081949,2
770,-6.349982779325583,4.806578900119817,1
771,-3.017054566898128,-3.346513267616653,4
772,-2.5179155028195987,-2.080081898691211,4
773,-8.87338349755119,4.753326713157995,1
774,-6.317768261269758,7.99638147394449,1
775,-1.5393815452096495,2.976172008049063,2
776,5.265987111410176,-1.3033275579270853,3
777,0.5704812260129992,0.934012374250051,2
778,-5.254601482400695,-4.639830485243862,4
779,-6.780460581618943,6.113442185399239,1
780,-8.347329795840215,5.152781808944632,1
781,-7.0448570954699905,5.729008006222253,1
782,-6.135122976065758,3.4234073000396994,1
783,-5.978254635655057,5.426317767797801,1
784,6.901270213892695,-1.7276488592486672,3
785,1.9065021003369969,4.334302093482987,2
786,-4.830261951335741,4.658030499561937,1
787,4.349718392005464,-4.8328166161655535,3
788,-9.236246882433605,3.063449402531818,1
789,4.0393999173022515,-4.003077075819854,3
790,-6.0942968086192915,5.625024617790907,1
791,-8.108682103337262,5.747097206376474,1
792,-7.901517311814542,6.6578025624737505,1
793,-9.294002395569736,2.4230021883853587,1
794,-6.364594716768131,-0.4847068752989485,4
795,-1.1866221668179149,-4.786512531125902,4
796,-5.8620969088937915,7.245294943603525,1
797,1.4909132019942575,6.432004667034362,2
798,2.820958573062554,-4.811308027847995,3
799,-2.758432583951511,-2.3854165652111035,4
800,1.0836998098835993,3.1319065776133255,2
801,-6.4948261342577975,5.958772023630457,1
802,3.9438491461702143,-5.00896298484721,3
803,4.159154178972429,-3.075408183802457,3
804,-5.023837848177916,-1.5851675545314152,4
805,-5.839429536204902,4.390178338137984,1
806,-8.008153763222454,3.848900316652836,1
807,-8.058791492213414,5.893056781576174,1
808,3.0238699044021327,6.148116363115313,2
809,0.24984091144225018,0.5527801351206296,2
810,3.0541168053752576,-4.8785433540397145,3
811,-5.506381592486582,5.4155054727326135,1
812,2.892691530585851,-3.5851887884705524,3
813,-7.460584010044158,6.526734710901934,1
814,-4.620877500586298,0.2884208278841114,4
815,-3.8986014806418905,-3.226823761175571,4
816,-5.994817418461107,6.469672749131018,1
817,3.446488939107961,3.6581216297570496,2
818,3.3557836594566415,-2.784935332627914,3
819,2.0034928970653327,-4.5753722700387005,3
820,-8.229282536716156,3.5798306748500903,1
821,-7.179307899695777,3.0154179495803124,1
822,7.5556819388189655,-1.585369700518224,3
823,-7.151838804293856,5.662869740870443,1
824,-2.2867944885182183,-6.740153414040327,4
825,1.276292350608355,2.724611514806241,2
826,4.660409390073309,-5.360423280771979,3
827,-6.833142710563495,6.380482948577007,1
828,1.6487788921589368,2.871248192856234,2
829,-8.68615205338337,-8.618690325445298,4
830,4.311534327396311,-7.029550939524589,3
831,-7.486245224250011,4.022134211995775,1
832,3.5156033741679895,-6.070055663645452,3
833,-3.999807116340652,-4.060675779610676,4
834,-4.639113542585477,-5.48778687910953,4
835,5.225663409315125,0.5511317735733972,3
836,4.9290016303650015,-4.1788697780438335,3
837,1.5569938153613005,1.5832949008020085,2
838,-2.4708024847406613,-4.64063937702487,4
839,7.230566138855055,-3.9392249418832734,3
840,3.629386249611622,-5.821131297368782,3
841,-7.108423070485927,4.603193677224575,1
842,2.528655118539779,-3.894433288417019,3
843,4.663503693437546,-3.5035778458503404,3
844,2.2132124343117474,-6.467537816158519,3
845,4.012339375962305,-4.21417949241394,3
846,6.7052535132552125,-2.6914328836291923,3
847,-7.143914681642751,6.047987451240483,1
848,-0.8010330605294498,-5.353489770575797,4
849,1.2116905411325396,4.4425319075259,2
850,-5.724178116199007,-3.527042687041318,4
851,-5.88361140101423,7.634727869679375,1
852,1.4882081037642125,-3.724037685285028,3
853,3.7356268079205384,-1.760926822431517,3
854,2.5971936806160123,-4.903805989542179,3
855,3.5871130899279584,4.1612932637733255,2
856,6.503723872069382,-3.708669179862639,3
857,2.126551330755569,2.9691635473118625,2
858,2.244458096766056,-5.962302941203648,3
859,7.043766265366703,-2.9990425334331654,3
860,5.207104572157622,-3.133328393185134,3
861,3.9386489008976966,-5.405812355432405,3
862,-6.056896016503111,7.386716965902586,1
863,-0.3849576151954164,5.038764308690476,2
864,3.235556033340802,-5.223507291560303,3
865,-1.3919823216530007,-6.416739688635525,4
866,-5.248226091142678,-2.02544661411374,4
867,0.3358346193104129,3.7140191780331238,2
868,-4.381336514999583,-1.1046118833130065,4
869,-7.500418702057875,4.004219704350927,1
870,-4.3775802841797615,-3.3461788892650564,4
871,5.066042931487476,-3.0252920401187153,3
872,-7.494165541265815,0.24560143218350383,4
873,-8.92455923398088,5.110808803256846,1
874,-6.516110387380541,-4.766723946303822,4
875,-0.3081157532114327,-3.0954293045059718,2
876,-0.47008010411905965,3.481360361507883,2
877,-2.523767640213923,-5.87315887129821,4
878,-3.0495567065351086,-3.5042420146435393,4
879,-6.121054390350679,-4.1129182349240025,4
880,4.749056064128179,-4.414055574687085,3
881,-2.2813541220415003,0.5411461743227757,4
882,-1.5344787772099822,2.2081262243404973,2
883,3.5075431205536267,-4.6687777339578265,3
884,-0.9839428739911606,-4.146867153609564,4
885,1.4646405888348895,4.303607459820419,2
886,-0.699164895753841,-6.280134684752081,4
887,4.140180416678314,-3.6280501926206044,3
888,-6.330714537864455,5.875206641894996,1
889,5.570185427091756,-2.94439101397452,3
890,-4.939880422163847,6.014478113111207,1
891,-5.950371080349395,4.023564009305575,1
892,2.6955163277809806,5.040663575960328,2
893,7.078159123057306,-2.4796130175483584,3
894,0.4355944965980789,0.24512658588798253,2
895,2.6932490957525705,-2.336113821718315,3
896,-9.20109558449056,5.341954896828739,1
897,-1.7029384815429798,-4.07972309543017,4
898,-7.051464715431035,4.349754391659449,1
899,1.6686693719428236,3.2226081399083126,2
900,-1.4020461154134685,2.800363124342914,2
901,7.860647603091233,-1.6678693738903103,3
902,-0.41639536571514735,3.2230889563372127,2
903,-8.812447832411516,2.466487620538601,1
904,0.3291522356217915,3.9494239829352855,2
905,-7.251820580235087,6.452026241607733,1
906,1.6900380614679589,2.6612451547673213,2
907,-5.791193801597757,4.455927921188207,1
908,-5.651656966512197,3.9707780387087137,1
909,3.446425748411388,-1.9913684142647288,3
910,5.858660723907617,-2.984701321876546,3
911,-6.280011715329086,6.979962160358405,1
912,-4.733229911966883,6.83924038397052,1
913,-8.89454862301702,6.997041294007708,1
914,-0.7306846792305588,1.948242471056829,2
915,-5.079532145036525,-2.705538413872608,4
916,1.8600923279219086,2.1914080180001942,2
917,2.4577529950782617,5.824395969122958,2
918,-0.962562524362101,5.023337224074942,2
919,0.07892035241833506,4.742972605106255,2
920,1.1768049184619849,-4.210190878024434,3
921,3.462574877094123,-4.848584186431168,3
922,6.000541964521844,-2.710703641624197,3
923,-4.864754776712424,5.937237225324042,1
924,-7.1401374574959515,6.519819445739412,1
925,-4.704460977079321,-5.622022496497156,4
926,8.045176929036423,-1.7304414671561748,3
927,-5.419167303020058,5.856257304207764,1
928,-4.63333058688468,-4.4099187714876535,4
929,4.185720957685765,-4.433761709434762,3
930,-9.791571673861025,3.499289448564549,1
931,-2.8040060795401414,-2.4107814808318953,4
932,3.0378605760250683,-5.417727077011752,3
933,-0.09024512383215155,1.980518879363599,2
934,-5.420127481998723,6.8689202672502585,1
935,-9.486420868846476,5.243161688350686,1
936,-2.688810663495435,-5.3259914204569405,4
937,-4.563871113916042,5.149271840846512,1
938,6.903262790792878,-3.900867196907276,3
939,-2.773443504903696,0.4021744649504311,4
940,3.6917718655189873,5.5654817037793585,2
941,4.366771939917776,-9.611867141398761,3
942,-5.2444301439851575,-5.339761812496047,4
943,-4.281743331642504,-1.408220295203375,4
944,4.894296561507541,-2.17772317288061,3
945,3.3106026850571273,-1.841002441252535,3
946,3.995662780394697,-1.2817877843352328,3
947,-2.12121706729114,1.9445907674411174,2
948,-5.254222515263556,-0.743970302104457,4
949,2.7583346754042157,3.138915779882116,2
950,-3.8328449207597206,-4.0745827998990505,4
951,4.901706164463294,-2.9025701981371212,3
952,1.9589654052584518,3.0020282680063115,2
953,-6.6825636525497725,-1.071494701515828,4
954,-9.713380967528973,1.5972738154195083,1
955,0.05607094892320541,3.727569214312236,2
956,3.195873751274303,-2.577504258948637,3
957,-8.644277792999986,-4.461996722120577,4
958,5.221412939152749,-3.2750522065237404,3
959,3.9810014970989767,-2.499400057002401,3
960,4.706040254057144,-3.7737331729390178,3
961,2.723403879960506,-3.1510299378727726,3
962,-4.91922939167354,-2.2635130470914167,4
963,-4.197866822805638,-2.124833915706449,2
964,-4.406329383723423,-2.9537308025399494,4
965,0.05243410073426258,2.532661220416667,2
966,3.8846845787226263,-0.59689824200712,3
967,-4.430353663142434,7.739024153045836,1
968,-2.550357056648248,-1.8287327064571206,4
969,3.6698722261186028,4.6592953274831865,2
970,-1.8121765789282955,-0.23786641046875223,2
971,4.772800109333319,9.097259873461056,2
972,-7.79788882384117,6.363289830621573,1
973,-2.3441762981489163,-2.027357841268387,4
974,-2.8266168018786852,-3.1700931379609965,4
975,2.9921186495893086,4.360897110858962,2
976,-6.193646095850682,-6.080380624694323,4
977,-1.6644479955667282,-5.857899246855433,4
978,2.5982088664538745,0.15218752797688184,2
979,-5.094246787636314,3.1579699742249767,1
980,-5.6922275197264245,-7.128411868195313,4
981,2.826679261724479,-4.408111673880859,3
982,-9.953702515620659,-5.149856548228181,4
983,5.339472568020513,4.738888285246254,2
984,-7.9703685803380395,3.1512935673848887,1
985,-6.945177787990385,5.571283304228749,1
986,-2.217881683393189,3.0967310608177048,2
987,2.6991207089013884,-2.6997737636379964,3
988,-3.3299007191621,-5.98953632859028,4
989,3.2384706250230613,-3.9196998225355486,3
990,-4.54374410334974,-3.709714666078163,4
991,-3.5518148685099336,6.072597309594167,1
992,-2.8757082108483543,-2.6907941591248554,4
993,-5.630864124480732,-5.072925607782318,4
994,-4.404682260489963,-2.3469944696425076,4
995,-5.31768313841653,-4.076988650771914,4
996,-5.757756489671628,-5.439967546633441,4
997,2.5746709595542887,-3.635147068275611,3
998,-8.36975475344883,3.881572981688496,1
999,1.9185214856369877,-5.2340734605203565,3
1000,-1.4680369454348718,-3.842953797367081,4
1001,4.185898844801894,-3.981615877347071,3
1002,3.0054521177164566,-4.224309765442827,3
1003,4.327715045566659,-7.161012636053449,3
1004,-6.088086517919758,7.253476728467238,1
1005,3.310716893959804,5.515791744178489,2
1006,4.301895592698575,-2.3828490463900764,3
1007,-6.441082736843104,-5.108093242104342,4
1008,0.5483000716564412,3.5547368916195627,2
1009,5.892047891810204,-1.071826998678048,3
1010,5.79375574330819,-2.699984436858947,3
1011,3.0757049617432357,-1.8124459231049852,3
1012,-6.697136355787447,8.731436960167038,1
1013,-2.0944799222563284,3.368672505232965,2
1014,-8.489379362721257,5.636228548379896,1
1015,-0.13774205298950282,5.494301248982914,2
1016,3.604156661355916,3.9342788071870483,2
1017,4.991579417183795,-5.297597397378631,3
1018,-5.347623305183204,-2.6312150088662594,4
1019,5.385917037087315,-3.584154717008059,3
1020,6.0206553608698545,-4.648089907311566,3
1021,-6.7092132170693315,1.4438197760889615,1
1022,1.8569292744002748,2.6037480652598637,2
1023,1.123109851291074,2.1154748426150833,2
1024,3.2757460967015386,-4.531950716654819,3
1025,7.1610469942052255,-2.748311578184559,3
1026,2.082299853472459,-3.2521849015335453,3
1027,-8.544447902369036,5.793762383805162,1
1028,2.867653330588876,-4.111207326103902,3
1029,-6.386952315138957,5.1822846345983535,1
1030,-2.1542668413223978,-3.1738775315877135,4
1031,-5.313452427168402,-3.9566235063550184,4
1032,-7.22058767126161,-0.7622937346289715,4
1033,-5.611857859570705,7.14282802567938,1
1034,-7.531497187691548,6.679723262767309,1
1035,3.305505775711913,-3.482417048308135,3
1036,-5.258826114844075,6.151498274100848,1
1037,-2.600620441990917,-7.046068987709715,4
1038,-1.1346240586934457,1.7038155265490798,2
1039,2.6771052164087856,-5.158334716177389,3
1040,3.4862717412050426,-5.862121163632492,3
1041,-0.2564470467959583,3.2789410300324775,2
1042,-0.8294748407567036,2.023066231082802,2
1043,-0.25073394546630223,2.283348772848217,2
1044,-3.1824282797554857,-1.2821742924803372,4
1045,-0.4367931276148247,3.530703559492923,2
1046,1.3212817703328303,2.7576845947112605,2
1047,4.9018922722972125,-3.9110489309652747,3
1048,-4.166820920953475,-2.073486949263169,4
1049,5.483692040460313,-2.64522914872423,3
1050,4.256167794386345,0.25140169402104107,3
1051,2.082719142182532,-6.072710141537863,3
1052,5.763931915120167,-4.407718393395527,3
1053,0.45890317034778105,4.879336978052457,2
1054,2.202080760390827,-4.783498855208187,3
1055,-3.353760902179296,-2.2904035276487966,4
1056,5.1099851825442,-5.356920787863171,3
1057,-0.1180615483665084,3.4180006271181873,2
1058,1.829951857392453,-5.340355356963073,3
1059,-0.43646017169155504,-3.1385566125534132,4
1060,-6.8105081270320005,-4.877038872687403,4
1061,1.0332208995424912,6.403378420676,2
1062,-0.9485047069880213,-4.129931726757452,4
1063,4.386156129330123,-3.353506355747265,3
1064,2.30321383625893,-3.979422157840605,3
1065,-5.196396877491508,-4.467807216927557,4
1066,-4.483328723016443,-8.194948683651914,4
1067,1.3091488357971839,-4.440727733917934,3
1068,-6.630904052414386,6.745254456475058,1
1069,4.695968194949942,-3.455345022284467,3
1070,1.0922563166244847,-4.256065314524401,3
1071,-6.719401684743944,5.467608248460617,1
1072,0.19901907402338903,1.8589468331592194,2
1073,-8.61763384488472,3.493138085141204,1
1074,-4.5070910319491215,-3.87671986117403,4
1075,1.6651356930825951,4.488982102001024,2
1076,3.4666821505628422,2.9468002506823137,2
1077,3.5630267667993896,5.24895061542419,2
1078,0.20210724076617703,0.6492573951916185,2
1079,-7.854889976203334,4.521205673363925,1
1080,-4.958477134856456,-3.575655524322551,4
1081,5.747480601660943,-3.5329750044917905,3
1082,-2.5057145125946043,-3.3093576258855433,4
1083,7.503982441488587,-2.414152905278374,3
1084,-7.860351039472154,6.008819295418965,1
1085,5.340820160203051,-4.370129312926867,3
1086,-4.027493132234945,-6.9098354900812,4
1087,3.7605091040559984,-3.9259847726048913,3
1088,5.704921722559311,-1.1071375802659005,3
1089,5.55415756270805,-2.471463107038,3
1090,2.651154412604039,-3.141400150955617,3
1091,4.054635916147457,5.526733528731052,2
1092,-3.443222143306321,-4.6954644928363996,4
1093,-4.9034045901465895,6.400801842074133,1
1094,-0.8846807260814606,2.905729027232345,2
1095,-0.05196080487909249,2.21198398107015,2
1096,-4.918388498929554,-3.5671347806938725,4
1097,1.6111807142661032,3.0044675107659713,2
1098,7.53206491213437,-1.8800374775532007,3
1099,3.278818450798843,-3.931714744125625,3
1100,4.048057908628487,-3.72789309741501,3
1101,-7.239477501750575,7.545543280223437,1
1102,-6.856993728507198,3.9570882486922225,1
1103,-6.705344617780636,7.12063460936639,1
1104,1.8764656858177569,-2.1751724931774117,3
1105,2.5968717652946274,2.391797529186289,2
1106,-5.50766672507038,5.105078373765338,1
1107,2.272248941685582,6.654370426882906,2
1108,-3.2137233606453353,-5.221108847586498,4
1109,5.9021452636943526,-1.5675124988872677,3
1110,-4.903462291159808,-4.761815393345161,4
1111,2.2191138641208608,-5.246037131062737,3
1112,-7.68572979408837,5.159537869263105,1
1113,2.289098317014199,-2.593840499858305,3
1114,0.4696327810941183,3.629471016784389,2
1115,-0.9365531409878565,-1.6598844622156523,2
1116,2.0751324733856698,-5.749617824303881,3
1117,-6.75129507163996,4.755396583549018,1
1118,0.8486729564801498,4.552522179062763,2
1119,-2.600040369779637,-3.1905107591367634,4
1120,-7.529878378518625,4.214850005938919,1
1121,-6.747835826949095,7.151601403720666,1
1122,-2.5057543299732083,-4.492693045164233,4
1123,-1.5760496129931472,2.1528747729299402,2
1124,3.21107536827449,4.684501534923951,2
1125,4.125345211559178,-3.3334675131985207,3
1126,-4.469490105250539,-1.606254533559135,4
1127,-4.512315003404108,-7.121149827750667,4
1128,-7.435693455672326,4.9674838843270885,1
1129,0.4921900737794569,3.0359133274993058,2
1130,-8.259395318845177,6.332539035430657,1
1131,-2.427778885431116,-1.1421998605397818,4
1132,-8.38849078981838,4.282312535327146,1
1133,-6.758417367372282,5.824169601193032,1
1134,-0.881906930380961,-4.764760589786041,4
1135,3.802282245202932,5.899521891897375,2
1136,-0.28723680083311187,2.666863729728216,2
1137,-7.094295772162599,5.597500235240922,1
1138,-3.7355712833196817,-6.629755070125668,4
1139,-7.15063599877833,3.566485335559439,1
1140,0.3397131719756159,2.4620496167446566,2
1141,-0.24346154681891186,-4.693806071476681,3
1142,1.5803313135381443,1.2391420902681514,2
1143,-0.40790252216935885,5.029389801603508,2
1144,-11.219838301044508,3.3803311550626187,1
1145,1.962861105562979,-2.7393608627826276,4
1146,-0.5373091735783779,-5.312090470138419,4
1147,-8.698042072998575,5.547261489948538,1
1148,-0.3537391800477454,1.7781774401777988,2
1149,0.6726874673857592,6.5531363372541485,2
1150,-5.254722679286302,4.3626030273797625,1
1151,-2.533181398181602,0.38173662857032964,4
1152,-0.9365538731185836,4.8940522960540545,2
1153,4.671264532418551,-1.9698712857760006,3
1154,-3.6592914773907825,-6.791128594882789,4
1155,-5.638962348054184,7.729174420011121,1
1156,-5.1332805670805275,-4.259173470842905,4
1157,-6.787745720648742,6.468147464251677,1
1158,-8.114771244880838,5.507756140289486,1
1159,-6.712094843184638,4.350950816095304,1
1160,7.980798026065374,-1.0659304585623666,3
1161,-4.5214297793647855,-5.1538469965942815,4
1162,-5.627414043503494,6.069207315200656,1
1163,-8.467342387746893,5.455262692060479,1
1164,-3.8175797510202276,-1.2099101009518738,4
1165,1.795207984750905,2.7646841212077473,2
1166,-6.820904977496827,6.760874327141078,1
1167,-2.613032353473674,-4.842203736261615,4
1168,-6.160512041960636,4.195050875850274,1
1169,-8.058092380040655,4.922569779553591,1
1170,3.7241351174125867,4.0079465782121915,2
1171,2.7969266728034343,2.440427860421163,2
1172,3.665636433202006,5.408945862687856,2
1173,0.97850562353615,6.451811503154105,2
1174,4.058732694854346,-3.7365725513454557,3
1175,-4.616779834641179,-2.5342671837050608,4
1176,7.778161921354853,-3.592246647973847,3
1177,-3.023611986888441,-7.31241138086304,4
1178,-6.704835451147723,-5.76666150327549,4
1179,-6.624630381794176,6.481546425769451,1
1180,-1.3229713097473135,-5.836865612123647,4
1181,-0.28150580793017577,3.571665895556671,2
1182,-2.167178372187007,0.2217302827542742,2
1183,-9.339383101493173,1.7370318234081306,1
1184,5.5619332106285135,5.826941556285999,2
1185,-0.2279341419198806,-3.162358032485164,4
1186,-0.22138680704781089,1.9984375157588734,2
1187,-8.371401207567342,-3.927359015016707,4
1188,-2.415331396530437,-0.5102292745808517,2
1189,2.4275812273243917,-3.990868518266188,3
1190,3.4719418756890423,-5.240219713607944,3
1191,0.7093555660878483,4.418634284126913,2
1192,3.3203024699378636,4.060016239652964,2
1193,3.1986729713735436,-5.240033340942254,3
1194,-2.9872343738429477,-1.6871809454486821,4
1195,-3.0225455284832674,-0.8466303502741406,4
1196,-5.947590264666722,6.9938502865323855,1
1197,3.1174915099958413,-4.340088349317296,3
1198,-8.370893837168207,-1.4463336142606953,4
1199,-7.6356971581522135,-3.5181288829807196,4
1200,1.9403327348763069,3.7186325474561457,2
1201,-3.42870262067399,-2.6870993880316307,4
1202,-4.433037365749075,-4.588218273660486,4
1203,-6.118868368641725,4.931643649326166,1
1204,-5.816398489871194,-3.6309482456886095,4
1205,6.146135885539248,-1.104970972096074,3
1206,-3.5578477361145544,2.9458871211654607,2
1207,1.2263145817981294,5.647337184282026,2
1208,-4.756624900955327,-5.002788286950288,4
1209,-6.029959256493196,-1.65011901904954,4
1210,4.46182243229186,-2.4091511806127826,3
1211,1.330201000342321,-5.852685179400343,3
1212,-5.759371641276351,5.477691218900883,1
1213,-7.935334222356353,3.5895072869308295,1
1214,1.803017871012746,-4.1771454044070495,3
1215,6.189988631929667,-5.427628092246704,3
1216,3.622833395735147,-3.534715500441625,3
1217,0.32625305977223384,2.2939676252098438,2
1218,-5.049768122472777,-6.179548575521654,4
1219,0.72929174397542,3.722571649425291,2
1220,-5.668174795689698,-5.4387792196676426,4
1221,-2.244447758083409,0.013003691338069334,4
1222,4.673030358299517,-2.144758058924365,3
1223,1.4981538770887641,-5.221997800744971,3
1224,-2.8668604903416908,-7.0523729411494305,4
1225,3.913731704688724,-3.293464862548089,3
1226,-5.399118605137433,-5.230359593133943,4
1227,5.740463655329178,-2.4214100719877822,3
1228,-3.645735717304236,-4.131616172693292,4
1229,5.463976335787473,-0.15481815526761844,3
1230,-6.1022511898318355,3.877410872858727,1
1231,5.243101015357684,5.618393572346173,2
1232,-3.2426818431611975,-4.342644872107875,4
1233,-8.111206986645751,6.117866001585332,1
1234,0.3305998603689442,2.1207462684160037,2
1235,4.545776773088122,7.406964412653048,2
1236,-2.5710608984322363,-1.3093279727663707,4
1237,2.459353081843486,-1.7377303367756665,4
1238,-7.410014139939536,5.066142526631968,1
1239,7.487530410804969,-4.770889080131755,3
1240,-7.004142339666421,7.048294890662163,1
1241,-4.878512109417397,6.315339866517957,1
1242,0.1721227452014924,3.6598930569651396,2
1243,-0.8605464108870065,-4.956332789531133,4
1244,-6.868464600090205,6.58265079946903,1
1245,-2.0186254464055478,3.08014087698872,2
1246,-9.91734573177263,3.8631816753130392,1
1247,-3.39782208022288,1.527018734477602,2
1248,-2.6217855819645903,-2.710326039695141,4
1249,-3.4409626869385677,-2.7287436542155032,4
1250,2.12971310437999,4.0544434353536385,2
1251,-9.301750477504068,6.038600024724005,1
1252,2.7545570309413847,-5.641293741159309,3
1253,-5.443778793107284,3.0802423572038338,1
1254,-2.785071991776386,-1.9341472408472404,4
1255,5.071196575133305,-5.460240758776816,3
1256,-2.013192228953412,0.34318408614098495,4
1257,1.2780275110408736,0.902477065169415,2
1258,2.3617609635160672,3.5719514822723015,2
1259,2.581129487329872,-6.493993186712938,3
1260,-3.2612974876631435,-2.0784020758808195,4
1261,2.3308210313395468,-3.3230477959005142,3
1262,-7.549636510367412,5.080603679453431,1
1263,2.0373826167193707,0.9954076459847165,2
1264,-6.204573696823691,4.126659168641503,1
1265,-7.0626775518602924,6.402392968296137,1
1266,-6.037082996975572,6.805841805271884,1
1267,-1.1288967271743275,3.604235448383586,2
1268,-2.5815934899246713,-2.014705655040257,2
1269,-3.6814062922386324,-3.304384083701112,4
1270,3.2817291147233765,-1.82249942092428,3
1271,3.7001819283012254,5.281219075031549,2
1272,2.447849242531103,3.4818293550628443,2
1273,5.144136554265461,-3.0032248288546013,3
1274,3.2383013142409447,3.653976938985966,2
1275,-8.393830582120145,7.291245999532471,1
1276,-5.688496441425985,-4.039122749431535,4
1277,-3.4444101531298053,-2.7525957212325642,4
1278,-8.913441628415349,4.146244302450441,1
1279,0.5158409384744922,4.551251934865789,2
1280,3.9665849914211275,-1.6133026920671183,3
1281,-4.042904067910651,7.34700071526624,1
1282,3.1671998412403854,-3.0875154672803697,3
1283,-6.1741232625776385,5.919707146193252,1
1284,2.9558164780712044,-5.871379679610356,3
1285,-8.34099250585409,3.659127676121274,1
1286,-8.364421554642503,6.809924465573218,1
1287,-7.151094303683284,6.202850530404371,1
1288,4.4207678433855095,-5.223532000843077,3
1289,-6.523434940968951,6.663799486927173,1
1290,-7.81385880744096,6.860179433569778,1
1291,2.7011527223423664,3.437840203868123,2
1292,-3.2835035681373204,-0.8762962375286829,4
1293,2.8496937288099025,-3.2724755651115434,3
1294,3.301545119631558,-7.26578238961745,3
1295,2.591815088231722,-2.2177993312566473,3
1296,5.846990577410724,-4.413009686584177,3
1297,-7.373969930244733,3.9281024461258123,1
1298,5.175112089920507,-2.902002326204839,3
1299,-3.002762795140305,-4.085963964766451,4
1300,4.467249078318864,-4.237645861093965,3
1301,-3.114464842954087,-3.276856404090743,4
1302,-4.679606272287146,-0.6782335533427428,4
1303,5.527547369820483,-1.0313880657953551,3
1304,3.586084876804972,7.846985390600861,2
1305,-6.319653815873833,-3.544486193456497,4
1306,-8.722064616318072,6.69591274225764,1
1307,-4.614936544765069,-3.9659746060723635,4
1308,-1.8975709034186132,1.868470574360714,2
1309,-6.558356242795897,5.405662877977085,1
1310,3.5540014007520524,-4.390128660220053,3
1311,-7.8728131016677,7.525824268134182,1
1312,0.262642311489486,4.303941883239784,2
1313,-7.198639182019483,5.17457478037079,1
1314,-2.7235964015600755,-2.074796534950162,4
1315,3.8443768058131473,-0.6978642713469636,3
1316,-8.260246159843344,4.952371802867437,1
1317,-8.826320462476284,3.4720687366215124,1
1318,-3.9521571300691902,-2.29891709406236,4
1319,5.191959383394236,-3.3593243200452108,3
1320,6.503548550753612,-2.1037427022851998,3
1321,-6.197670401469884,5.479900358375635,1
1322,-5.802854998717272,0.44520904267346095,4
1323,-5.998012046577484,-5.634997482884534,4
1324,3.592923822390201,-4.936518071200799,3
1325,-6.012392136979973,5.4774583180370255,1
1326,6.009355309614664,-0.22436212950208034,3
1327,-3.0665135082720405,4.090172865244469,2
1328,-8.084255039204304,4.225054539556448,1
1329,-5.350916836067192,-3.719638475806188,4
1330,-4.722311508045721,-0.8415170266676584,4
1331,1.6301143166410483,-4.996312283736507,3
1332,2.324272522190074,3.167857966439084,2
1333,-0.9477061499593842,3.2194551101532918,2
1334,2.910153661341918,-3.571975868555745,3
1335,-2.368130263440517,-2.2753695016407507,4
1336,4.005124839863074,-0.4087452425384068,3
1337,-1.4130779985354143,3.0284801552405463,2
1338,-4.212735672630754,-5.530055125043704,4
1339,-8.109763065619644,5.6520415956371695,1
1340,-4.462283317619576,1.988732927124913,4
1341,-4.069865737172936,-2.8967014927189725,4
1342,-6.45114276347515,-5.964613083584519,4
1343,1.8879892838056789,4.196796983266428,2
1344,-5.838263427228808,5.263896683228464,1
1345,0.82850750900554,-6.878696465800913,3
1346,-6.043581826528239,-2.0840644418253973,4
1347,-7.156796377481708,4.309722396761767,1
1348,-3.118677439909118,-3.7421687747356875,4
1349,-3.917778451840299,-3.9011079866586362,4
1350,2.4880962041471433,4.432288158016206,2
1351,-5.277406348490791,-1.9870459577077437,4
1352,-1.3424087399524933,4.267784359365008,2
1353,-7.593777419102619,8.003371060484433,1
1354,5.683320905907765,-3.0295294066618172,3
1355,5.283003501571996,-5.179735947136161,3
1356,4.154122561433892,-4.391180257491664,3
1357,0.6645933553933938,2.0248724853214863,2
1358,-6.0098195630241,4.335811497475845,1
1359,3.628580178978201,8.145670889730026,2
1360,5.127754602725776,-1.09072282185073,3
1361,3.6518917466502794,0.2755241208822783,3
1362,-3.714968753058468,-5.372356110815701,4
1363,-4.234737492529168,-2.5280081570368074,4
1364,3.829955088635127,-4.949349021393499,3
1365,-6.133908172168749,4.376522123801426,1
1366,0.5313641456524438,3.4474870428068485,2
1367,3.9594274563481293,3.962369080551843,2
1368,3.9939990626485304,-5.502196593886845,3
1369,-2.426775109986307,-0.9117141547691694,4
1370,-6.390759514839831,4.453032582769487,1
1371,1.563006464296458,1.234097381734998,2
1372,0.9673804316698507,1.0522678657929858,2
1373,5.186285520903424,-1.4483027018875916,3
1374,2.848028667685408,-8.25490987845635,3
1375,-4.813234858387337,5.9369477495323055,1
1376,-3.088716301891565,-5.335647255371309,4
1377,-3.3986087023137848,-5.8106783233340815,4
1378,-5.571168269844227,4.255097126797319,1
1379,4.4084777529527495,-3.9894880403620423,3
1380,-7.088529368720989,5.289607414834922,1
1381,-7.97961565592426,7.9345465099118675,1
1382,-1.9510542867323797,2.0027597394700862,2
1383,-6.388317159082435,4.867429820553644,1
1384,-6.970955260155807,3.5885479454882225,1
1385,4.7257574782458995,-5.489957801337283,3
1386,4.165957400837446,5.977402965804387,2
1387,-6.5235521511515575,-2.1103854917971407,4
1388,-1.9353222171263589,9.989272332889268,1
1389,-3.110348801474958,-2.565619591875442,4
1390,-6.510540408437883,-3.92506548550331,4
1391,-3.6297703914746995,-1.5850373296424616,4
1392,-0.39513279877555085,1.9475509261217676,2
1393,-2.815563133606935,-4.391108158391777,4
1394,0.7474923926709081,2.377109589747368,2
1395,-0.5829642988928445,1.288508306023071,2
1396,-0.3025904670875783,3.0036117001446687,2
1397,4.398392451945215,-1.7847092574385968,3
1398,5.072844315215157,-2.946117009806167,3
1399,-5.897150465230515,7.129487504440906,1
1400,-2.5594974782074313,-3.3314920816372395,4
1401,3.0505593256249663,-5.01790643319466,3
1402,-1.832323386116598,-3.919489798642926,4
1403,3.214988445799272,-2.5928256741995623,3
1404,3.9451141957865588,4.40984609858678,2
1405,2.197100929354216,4.613080842532453,2
1406,-3.083641472172198,0.34890287833113653,2
1407,-2.6691651155858946,-2.2914006644630867,4
1408,1.802462533339964,-1.4057849672903147,3
1409,-8.3872383327444,5.342073216192482,1
1410,-4.227056776946217,6.245067305747151,1
1411,1.1702604422849165,1.4527069090313869,2
1412,-0.9143285089939632,-3.080763943150502,4
1413,4.9229630172042285,-3.685922389037499,3
1414,-0.4627759951674282,-0.14064978104541082,2
1415,4.48499675225197,-0.10506708464388881,3
1416,2.9449028985551173,-1.742750388331095,3
1417,1.5621650662281956,3.7640977853389304,2
1418,2.792567364539763,3.628382520843277,2
1419,-5.810466891441177,-1.8057132211044853,4
1420,-7.077751171752707,1.8298185973579528,1
1421,4.119113170706985,-2.099650638206592,3
1422,-1.6037248984273824,-2.283202420979755,4
1423,-4.696618516020886,0.6733010516038891,4
1424,-5.363734763447236,-4.673595625581767,4
1425,0.09378008129173132,-0.2726457926336443,2
1426,-6.230335243482438,-7.907380906412005,4
1427,-5.96552524210024,7.9897445367000985,1
1428,7.812566844377534,-0.806107750324573,3
1429,4.538187778582349,-3.115411926588695,3
1430,3.2699415934129483,0.9110407366312772,2
1431,6.207187667019388,-3.01183448791437,3
1432,-2.680820531984756,-3.567898414559728,4
1433,-2.672761159180982,-5.811499569850632,4
1434,-5.643229838130849,-6.02825489689528,4
1435,-2.6722001477503636,-2.650971091170738,4
1436,1.0565555484645344,6.069299043185159,2
1437,-4.9638692985833055,3.74545272689319,1
1438,4.805419129789699,-1.9852415431699426,3
1439,-3.0623763986861863,-2.5122806312028807,4
1440,-7.510174685012243,4.516952043844977,1
1441,-6.4108464908675735,4.721451092575189,1
1442,4.205608188472692,-3.2453660750128286,3
1443,0.3360270833958834,7.598733115830323,2
1444,2.5416386429362032,1.5889084981959778,2
1445,-2.2599740031658087,3.7835905370169325,2
1446,-5.066294429135175,-1.1182837102829914,4
1447,0.1893401768016303,1.1594535727998805,2
1448,-9.851391761333693,5.235442341946002,1
1449,-1.8036934756273844,-4.072397027104036,4
1450,-4.646891471859889,-4.929183234182286,4
1451,-6.756148377374318,5.270189194662702,1
1452,-1.9408095604050446,-7.940682340264731,4
1453,-3.387633432643754,-3.2336222701744393,4
1454,-2.00411782286212,-3.816445603660766,4
1455,2.7064197525200506,-2.9846831656917185,3
1456,2.834659671841546,-1.732966323625304,3
1457,1.6069225165737597,-2.4736950559073914,3
1458,1.0516626308252188,4.417464932950797,2
1459,-7.116752906996236,5.3572056760854165,1
1460,-7.006447029525845,6.4854521867812105,1
1461,-4.447072344147786,-0.7260789296850727,4
1462,3.548993368180954,5.050154108302733,2
1463,-6.6168788660275695,5.015815519873647,1
1464,-4.137132416961537,-1.9012356214280155,2
1465,1.298980306977529,-4.521469164942178,3
1466,-6.177081718460448,-0.755675841016437,4
1467,-0.9858811300550614,-0.7264586370884762,4
1468,1.509066933757129,4.296770392494398,2
1469,-2.032111736031257,4.127429660937425,2
1470,-3.6083414158547322,-0.2692617001575397,4
1471,0.7482409100683993,-5.397849012247544,4
1472,-3.499263440899637,-3.948180715447369,4
1473,4.559028609868301,-2.674468579524947,3
1474,1.926766355566116,2.36709885212713,2
1475,1.3107108159056917,-3.07836519136272,3
1476,-5.892937401330697,5.707069711753298,1
1477,-9.173939215184218,-3.8644109465918466,4
1478,-4.5056866058168215,2.949858066191636,1
1479,-5.591056180534318,4.246143688162645,1
1480,-6.717622064403523,-3.2579260841394073,4
1481,-0.763945457707464,0.588609119215536,2
1482,-6.862047883256352,3.3854155728295474,1
1483,0.03794699878240171,-1.1435541950624177,2
1484,-6.329684830199812,4.279826148577177,1
1485,1.225051398483675,0.6028139859202946,4
1486,4.990479538861986,-1.9797901519047905,3
1487,0.02662903598999322,3.087897235005088,2
1488,-8.979632638903594,3.0574057567726296,1
1489,2.7199944842398476,-5.670585877168771,3
1490,1.625425636450593,2.68027396826263,2
1491,-0.3092064329349571,3.0098429327690397,2
1492,-3.9796199850211904,-2.03493818370088,4
1493,1.1755517437107104,3.642762697394154,2
1494,-2.6164724088925846,-0.33652361517867346,4
1495,1.0971792144886408,2.139024371705357,2
1496,2.2809107005646414,3.701758514843814,2
1497,1.1596142857235636,5.712336853097587,2
1498,4.790154723177111,-3.9221968993482634,3
1499,2.890814782503311,-4.745167942682359,3
1500,-6.810814120719622,0.7066206314411243,1
1501,5.361907838700359,-2.1370109053483914,3
1502,-2.526748686380081,-4.240129268483933,4
1503,1.166664833524334,-2.5001236452834403,4
1504,-6.79345230366124,3.8042573694325457,1
1505,-2.1356211854821945,-6.309271550511088,4
1506,4.091595652242246,-8.051453189970122,3
1507,-4.117782874388612,-3.959854522922339,4
1508,4.470346037438403,-3.1894498170186516,3
1509,1.837308793752261,-4.718201683435142,3
1510,-6.090713360525266,-6.051681415479987,4
1511,-6.309313218478163,-4.906981086968928,4
1512,-7.56328368835919,6.912996644409188,1
1513,3.28811547229698,-3.7896137023027316,3
1514,-6.092359809618647,-3.886715647266088,4
1515,-3.3040087314440156,-2.3436949887439065,4
1516,-7.386737023906079,5.966549416406118,1
1517,2.088223839700517,-2.249240548575077,3
1518,-5.700119243996891,4.276098885518834,1
1519,2.0844730109507976,-5.870058981282351,4
1520,-6.3330247575295076,3.8468273724856723,1
1521,-5.947519189148164,-0.85044573123503,4
1522,-5.9939759774873025,5.015064471184727,1
1523,-6.908363210529893,5.721200907995577,1
1524,-0.8104016249501149,-6.882836404196661,4
1525,-7.736300894928128,-4.063256748097405,4
1526,-2.8973727314762883,-2.8910510195126253,4
1527,-7.024003412819121,7.073429069081194,1
1528,-0.6464075807324834,1.4810159220006138,2
1529,1.9655367052524992,-4.079380804481446,3
1530,-0.6686377195276905,2.0069760612476673,2
1531,6.94175284701632,-1.557743930099315,3
1532,-2.7829395757321005,-1.356704867744789,4
1533,2.1463929092243146,3.7796977575791484,2
1534,5.855458422671408,-2.8329525171813676,3
1535,-7.337991307974322,2.425755826852518,1
1536,-7.519811537156229,3.5800449833968475,1
1537,-4.393981485290987,7.66023412998403,1
1538,1.7378862101577073,6.478718607723518,2
1539,-6.438151551291794,7.131822590946234,1
1540,-2.1786857325908837,2.492459767384212,2
1541,-5.664271623971114,-5.13961687923481,4
1542,-6.443187879645696,4.881484416823741,1
1543,3.1589280118066325,-4.658400499495483,3
1544,-5.339249417793691,-6.034526106546956,4
1545,-5.5443218459655235,3.6968561560404716,1
1546,4.795657997894548,-6.7456002507976,3
1547,-3.2512705852461137,6.393985571706027,1
1548,1.2341462513915662,6.630479343659167,2
1549,-6.258202441950384,-6.472081105752432,4
1550,0.3386678331258177,2.7906223261628744,2
1551,4.604694480645035,-3.4553774460076667,3
1552,-3.543057241069325,-6.700851539786946,4
1553,3.3674710463224113,2.24100313445025,2
1554,-1.905064315392095,-7.527175421251796,4
1555,0.8895833239465731,3.972152210914668,2
1556,-0.44007693369156176,0.6267988422901585,2
1557,3.6208431944844444,-6.12917238881685,3
1558,-2.4392571029639836,-2.379526066997575,4
1559,-7.148829957836613,3.6354548824341517,1
1560,5.978238058044509,7.365968385626189,2
1561,-4.8147128736727955,-2.796334460933481,4
1562,-3.2402283352153436,-3.4187539447861885,4
1563,2.746686146193185,-3.1063387154825244,3
1564,0.974264600823763,-1.0804328570014956,4
1565,5.074859756567552,2.72365074430202,2
1566,3.090354005840084,-4.108514137758651,3
1567,-7.025088178432357,4.999080640910993,1
1568,2.37115361929615,-4.273492347257574,3
1569,-7.423914178243357,6.477500406211693,1
1570,-0.345306735226554,2.6364642622794507,2
1571,-7.420462272767243,2.7952042028039705,1
1572,-4.952309552987976,-3.1144182017063513,4
1573,-4.733246724518271,-4.603071188088949,4
1574,-5.200107429149691,4.692693438439715,1
1575,1.965827808454339,-4.049242096417784,3
1576,-5.615268844591793,-1.9851298261058485,4
1577,2.6567100079253603,4.360588966508184,2
1578,-2.9834648717575165,-3.2086533363220444,4
1579,-8.132335666118003,5.1262301378514845,1
1580,-7.457472653078618,3.043050101729614,1
1581,-7.080467983374604,2.912769515136882,1
1582,1.2000834265111948,4.371180421043172,2
1583,-4.6064876705136175,-0.3602123716537231,4
1584,4.5871852123410495,-7.657226471262185,3
1585,-11.53996959514145,3.529766334068873,1
1586,-7.67637422993136,-2.7388053477869536,4
1587,-3.869895983126443,-6.889487506276238,4
1588,-6.611744124935745,4.685595798950224,1
1589,4.875417901201702,-0.18861460316588774,3
1590,-3.363930806841891,-1.9140948832694693,4
1591,2.9270314966932336,-5.471851825970898,3
1592,-9.20098444956745,3.6855801329438616,1
1593,1.838813438743847,3.043462768653434,2
1594,1.0159960796470182,2.8825075542183445,2
1595,-6.640663353359974,5.66709171671241,1
1596,-5.214859251456199,6.761228578889556,1
1597,2.5686165355765036,-4.7289553078059186,3
1598,5.533376729991385,-4.432076743205462,3
1599,-3.651516119406075,-4.711763124831743,4
1600,3.3924414175020234,4.856176080280101,2
1601,3.2259086413473175,1.934785201838532,2
1602,3.2380051691987592,-3.694686690094137,3
1603,6.142187866462437,-3.4290829838545003,3
1604,-4.639863431271397,-3.8553975627423362,4
1605,1.652546836272827,4.676128834242067,2
1606,-6.951884524636588,6.01733061532902,1
1607,2.6970110444865405,-2.0705799047566664,3
1608,-2.4192668795534944,-2.6155391125617333,4
1609,-2.718327823462949,-1.6985000153450136,4
1610,-8.622482129835786,5.74586962636472,1
1611,-1.3067692666479935,-3.7326097721760703,4
1612,3.838848178880487,-3.443747603127819,3
1613,1.2876704523157487,-7.790489039892159,3
1614,0.42701106622739693,4.366997615119407,2
1615,-6.548590119942181,4.782750698594837,1
1616,-7.568862395110021,7.0378992790468455,1
1617,-0.6806212934208196,0.5575669636160536,4
1618,-7.943981481224964,4.315452800373549,1
1619,4.00078785723189,-4.132525709537355,3
1620,-6.409475149582207,6.8013390217572285,1
1621,3.1141399329498483,-5.337438600741939,3
1622,2.8513989404828566,-1.4426552432620718,3
1623,-5.689756509103981,-2.641637342595793,4
1624,2.963830091542578,-0.7733164084873887,3
1625,4.993752449386554,-1.4668282829663353,3
1626,-5.8431766482851755,6.664881426257632,1
1627,-4.643168741070388,8.234440750555516,1
1628,-3.402532812028385,-4.520533905435199,4
1629,-3.4241181932310973,-3.229206288462865,4
1630,-1.5643324000958962,2.8996284797018355,2
1631,-3.672815340529102,-0.6919737595542803,4
1632,-6.04033817564557,5.453066611216043,1
1633,-7.128458818758338,5.212370279495997,1
1634,0.03516699000299783,1.3729904683181995,2
1635,2.387734245779236,5.7116358507912555,2
1636,-3.690427582511128,5.539083647962073,1
1637,-8.579392016676907,4.086418670210727,1
1638,2.755525319245274,2.6806336641345885,2
1639,-2.044043872531093,-1.9895402395497366,4
1640,-5.253418930508344,-4.38039758268355,4
1641,-5.901863963178505,7.365954433189123,1
1642,-0.8556851500334086,-1.610530446485949,4
1643,-5.494862241822771,-2.3189775308184912,4
1644,2.6922868276461323,4.723549206882508,2
1645,-5.109091474376406,-2.7776170380418046,4
1646,0.796295716838114,2.5376892430206928,2
1647,6.795430309216394,1.4595924286411082,3
1648,6.951375091547482,-3.489098626562472,3
1649,0.9300620879795202,1.3216119178599297,2
1650,-7.998106934342349,4.771495043622957,1
1651,-6.634595465541805,3.791858878612092,1
1652,3.1251644789116777,3.985830754779288,2
1653,2.521934464348468,2.5025490079726858,2
1654,4.212245545847316,-2.9530023330214403,3
1655,2.8363324027639942,-5.125292566219301,3
1656,-6.961103864398385,4.106658723185191,1
1657,-4.361047908775712,-4.267080751494092,4
1658,2.6140133570721025,1.8526383900072034,2
1659,-8.135709957182552,3.0706125656556007,1
1660,-7.683028266643163,5.655647700639849,1
1661,-7.050116383271521,4.181902839124552,1
1662,-7.397264399054079,5.963340237026834,1
1663,2.865989891668287,-3.6099178015452122,3
1664,-6.904133524096881,-1.9074344805737635,4
1665,6.847228786003283,-0.0005481687826800474,3
1666,-6.561056144451443,6.062130885553537,1
1667,-6.0180789457993935,-7.017508331629699,4
1668,-9.310763088882839,5.4753244398762035,1
1669,4.6209887911533425,4.867660166322702,2
1670,-6.165064073611634,3.4941502580752997,1
1671,2.6022005001787387,2.271772377429416,2
1672,0.20450843129157303,2.848034194381507,2
1673,3.81820962353209,5.4290942008995575,2
1674,-4.289866479613464,-3.2082905130867667,4
1675,-7.2203192433849726,5.674006109830027,1
1676,-8.271838424804628,4.705971717176737,1
1677,5.555816277135405,-5.283571280646078,3
1678,4.417096858722305,-4.713594890752886,3
1679,-7.660367309307201,3.472028062988739,1
1680,-0.0039568623441414985,2.8959281449292056,2
1681,-7.160197975474832,7.033114102958825,1
1682,-0.08738541551587975,1.0410046624727287,2
1683,1.7336693193475172,0.9236324973953587,2
1684,-6.73067699150055,7.034840935603308,1
1685,-7.244706473058844,7.939339162965366,1
1686,0.44543703537642365,-4.504104072916441,3
1687,-7.911168812299255,4.297872206802384,1
1688,-3.195071800227444,-3.5806842053434433,4
1689,-0.6259502499523117,-6.157265412815237,4
1690,3.7722214327955976,-3.58511644908848,3
1691,0.8031546183875797,0.6606853370569663,2
1692,5.347722787869129,-1.9465404251599925,3
1693,0.3808948324083218,1.1062711228048916,2
1694,-3.5850866523678135,-2.7258929185237353,4
1695,3.167062486419913,-2.190658447632212,3
1696,-5.374413033105092,4.267185701417206,1
1697,3.7091445101095593,-4.371178116607847,3
1698,2.1145228796529687,3.470105631349657,2
1699,3.632750035286312,3.149072193914615,2
1700,0.4224072629266822,3.3464634392282324,2
1701,-2.464876874806684,2.860358642795011,2
1702,-0.3388862510019375,2.530955874644754,2
1703,-6.024933095360442,5.29465547078357,1
1704,2.578800500150276,4.121648078131146,2
1705,7.81074769894753,-0.8132424784611252,3
1706,3.645693681921341,2.6618868274164242,2
1707,5.344821006588073,-2.5287515808885868,3
1708,0.7439889653606562,2.964558941678955,2
1709,2.0188130501759005,-4.297705576525276,3
1710,-1.319290464376277,-4.902585744398599,4
1711,-0.11277532602204143,-0.05536087018854685,2
1712,-1.5141330445017127,-5.493912480547321,4
1713,-1.0946021840250801,-5.321442140199136,4
1714,2.4489830156425274,-4.648869255860327,3
1715,3.0730954699078934,5.064600389427201,2
1716,1.7010280082646725,3.702454360928376,2
1717,-4.070157470306131,-3.556945023233572,4
1718,2.2037108812174115,-4.16034581310346,3
1719,-6.202211780119089,3.601038579752238,1
1720,-7.476409478245732,6.256032777058005,1
1721,5.056027368924217,-3.116022655271488,3
1722,6.298933764547044,-1.1064314190253994,3
1723,-4.916469117335759,-3.12906244638305,4
1724,-4.160322898075098,-3.542644012566395,4
1725,-8.242158723746009,-2.861870241381049,4
1726,-3.018881535007533,5.6670860260003675,1
1727,0.43428791998259353,1.2950188390445239,2
1728,0.6571781110763811,4.103221546554085,2
1729,-0.8873601786494647,-4.393739770056441,4
1730,-4.615981648455982,-2.9770228740477798,4
1731,-4.025380006195508,-3.950507073153978,4
1732,5.633928042224712,-2.3175259175512464,3
1733,-0.1319001576826171,3.2829471637591805,2
1734,2.5190525513024244,4.175430083006001,2
1735,-10.848271205039174,2.5405140174611445,1
1736,3.90458803351461,5.505319647186898,2
1737,4.04530018586213,-3.2303938575556166,3
1738,-4.17244374434664,5.676396137662225,1
1739,5.760092703122224,7.45872825689708,2
1740,1.1570050107334282,-7.96978929722072,4
1741,3.528530189975903,-1.777762539654931,3
1742,2.578767179481209,-4.570897159818475,3
1743,-4.965483704137317,6.789327857694614,1
1744,-0.4415950073107062,1.8536454076942106,2
1745,-5.672050913252197,5.147829932015345,1
1746,5.153946908957261,-4.00983320876006,3
1747,-7.1642154797765265,6.163145898926139,1
1748,-0.9079212264676326,-0.6297484492120029,2
1749,-9.505489477269844,2.2170665382427157,1
1750,-9.288037420481059,4.320545977231531,1
1751,-5.374581644294293,7.878937538521916,1
1752,-5.362075441491982,-3.9388480474536425,4
1753,1.91984859182425,-5.198920753791144,3
1754,-5.806515811098254,4.814719959951095,1
1755,2.216358866527748,0.027935827141139846,2
1756,5.654446681211028,-5.104989547356167,3
1757,4.03101117108633,-2.973320123611274,3
1758,1.9426941432791027,-6.69472445129036,3
1759,-6.798886048978962,5.546090010780773,1
1760,-7.552914991846238,5.084245857360733,1
1761,4.520989001473573,-1.931615076553926,3
1762,-3.4701906527127804,-5.0273655149771574,4
1763,-3.187582935127957,-3.341449070169279,4
1764,2.397213017172525,-3.3876774040650104,3
1765,-10.633563857068758,3.935117017963039,1
1766,-2.95030637671747,-4.549559988381287,4
1767,-1.7970408787944814,-5.362994583590827,4
1768,6.581755299340555,-1.8473586052229485,3
1769,0.6722684046162102,4.378379403202903,2
1770,-6.805767846658532,7.996374355263973,1
1771,4.655848698387006,-1.250325398601996,3
1772,4.256576216090518,-3.3319872722741297,3
1773,1.5165526878439333,3.1037408593771083,2
1774,-3.7098632091642267,-3.3561705023654933,4
1775,6.560522008334644,5.7828968619565755,2
1776,0.9163635751925806,1.5541901780320422,2
1777,-3.286787514944215,-5.0871442611449265,4
1778,-8.582546724040125,2.6439021390014847,1
1779,-4.64096607618551,-3.581024504437298,4
1780,5.862738657538138,-2.372362312766754,3
1781,4.52280938565568,4.289153560117123,2
1782,-7.486814560671435,6.498406127630418,1
1783,-7.074073267768899,3.29557751491942,1
1784,-4.129764035634588,-3.802581822553375,4
1785,2.897233940480776,3.244768396522404,2
1786,-2.477833776406446,-4.264627869326959,4
1787,-0.033362887349259296,0.11419279071937982,4
1788,-2.8877031355955265,-5.668871460008228,4
1789,5.664941410282365,-3.6360107685491876,3
1790,5.982179170641694,-1.3347092587759941,3
1791,1.1937836382703213,0.5213662173868618,2
1792,-8.436163683850637,1.7415215697945374,1
1793,5.803651166112126,-0.6980573510286581,3
1794,-8.857499579807376,3.0464539951023517,1
1795,-4.91140826276731,-5.094174542099701,4
1796,-5.132929749362619,2.432976657817719,1
1797,5.506909582685634,-1.6323329802098223,3
1798,0.6822776692968965,4.654569229788794,2
1799,-1.1622118410856297,2.297245522743831,4
1800,2.5047600212308287,7.771788136131086,2
1801,-7.716024026694542,3.841025510808297,1
1802,-3.8740188733107788,-4.616055857513563,4
1803,5.920822631253743,-3.5712645310842692,3
1804,5.951458399290631,-2.1029553106622925,3
1805,-1.5540345566778657,1.664490411251733,2
1806,3.9742670043936896,1.9365921838095757,2
1807,4.669142698331671,6.448273563707083,2
1808,-6.374578351725674,5.570570263270479,1
1809,0.3370920748558113,3.2340989040955166,2
1810,-5.9336502069562975,-3.010329506713732,4
1811,-5.014397551688811,-2.542166573531977,4
1812,0.8946091197597607,2.367237119563836,2
1813,-4.498307546139536,-5.15597737355669,4
1814,-7.573736231355655,4.528520225971556,1
1815,3.968600593173199,-3.1598367323006893,3
1816,3.223114136505732,-2.9326654329455555,3
1817,-8.534471944231372,3.1773056764172574,1
1818,-6.055207728193258,4.506943940828697,1
1819,-4.52107773156775,4.418517241984701,1
1820,3.355395138537743,3.9029923952413323,2
1821,3.875475602278297,1.7665290441487618,2
1822,3.869426671981376,2.6979959570389696,2
1823,-0.7844262645781406,5.1842798216444645,2
1824,-7.465812487484325,7.262797373738838,1
1825,1.8923180826416761,3.5164799370505113,2
1826,-4.594786272617263,4.204511994717386,1
1827,-5.960743035462677,-2.5432329759694183,4
1828,-7.975631108068344,4.233478388816275,1
1829,-4.468883822193752,-1.1054174339230372,4
1830,5.438361246137344,-3.1342529286926792,3
1831,-6.192245792819964,1.1617223773637777,1
1832,-7.049092655931647,6.453969769425239,1
1833,1.1242607695234839,2.5048222509540015,2
1834,1.272305659784419,-1.1208431555889433,2
1835,-6.69534204811546,7.788172749153818,1
1836,1.5813149951214682,-4.210181619271233,3
1837,-3.265881676178392,1.700779068320326,2
1838,4.04767034360874,-5.178688471258511,3
1839,-6.974266518927236,6.159916093680488,1
1840,-2.4327586384003235,-3.618717729553936,4
1841,6.903841807962843,-4.533758255405221,3
1842,3.7491212586932656,-3.4725200688911833,3
1843,-6.3578716951544365,-2.6397922943921874,4
1844,-7.016071288184605,7.026026745802193,1
1845,-0.3381765308339002,1.5097579199681168,2
1846,-1.1515146487307555,-0.2502438367651645,2
1847,-4.205896763355204,-5.197286873579343,4
1848,-6.245382911091836,4.531641874188415,1
1849,-2.9550392334473874,-6.094842110717222,4
1850,-7.005797050260854,5.68122359311339,1
1851,-3.138445270335275,-3.4141594688703334,4
1852,-3.130483458827017,-4.0072780418607294,4
1853,-5.270122915030338,-3.0013530287710486,4
1854,6.860269783740273,-3.150849935982901,3
1855,3.2156578483490517,6.272339921202127,2
1856,4.0213676683637205,-5.902931666313626,3
1857,-5.481824144193196,5.215043393315678,1
1858,1.5818549207274968,-4.311068664870515,4
1859,-3.9310529607824978,-2.101382969415,4
1860,-6.492121832873551,-1.098272670034028,4
1861,-8.425898264760027,7.2376030848014015,1
1862,-3.3486701561725543,-3.194492074644452,4
1863,-4.813193831018856,4.484836110030483,1
1864,5.5681994353317394,-3.0007159750560684,3
1865,-1.929254391909572,-3.527002828303892,4
1866,-6.948733211055355,-3.1177539600870956,4
1867,-6.30532782102344,-5.761418782315259,4
1868,-4.171557221396132,-6.275445925439298,4
1869,-6.469697592079732,5.040327183382784,1
1870,-2.751678915889146,-2.7478232750989884,4
1871,2.6630834421209153,5.13309611949011,2
1872,1.8905938373249302,-2.9844641562791363,3
1873,-4.386545752574732,6.575712834936283,1
1874,-6.508370576562564,5.6104019565014145,1
1875,-4.2039384550878545,-1.9162978709289196,4
1876,0.6285838861201508,0.9820615250516842,2
1877,3.499708504220593,5.1941241554164606,2
1878,-6.446452550152549,6.2627468502116415,1
1879,-7.525424935840644,4.093892469863868,1
1880,3.4672901035162833,-6.04329924594056,3
1881,1.631976292125676,0.5263335237844036,2
1882,-8.181469630622397,3.6142360390483077,1
1883,0.27171080790969837,-0.6188405315556125,2
1884,-3.9192028888342856,-3.4714198254316644,4
1885,-3.926504040575938,-1.8172464247625717,2
1886,2.22040184009113,5.141250602699497,2
1887,-6.525392891029289,4.947909679950503,1
1888,-8.421085652966998,4.370215406557545,1
1889,3.077732239554643,-0.836847937591024,3
1890,-4.877034516501597,6.607761489114962,1
1891,3.38970895257893,-3.1496108890419934,3
1892,1.0687227295128028,4.3186184233971385,2
1893,5.758604435896543,-2.9186308256442848,3
1894,4.951871565976954,-3.3129731269929716,3
1895,-1.461276899498415,-3.567712461146355,4
1896,0.47550437294762626,4.546730425649019,2
1897,0.6123902281201707,3.101220939225917,2
1898,-1.5130031023672874,-1.2043139830285932,4
1899,4.551804020887819,-5.422710769200355,3
1900,-4.704541983102788,-3.1927477763287326,4
1901,4.704469072632435,-3.113992583915678,3
1902,-8.372961201206238,2.1177889919369974,1
1903,-6.997154734766165,5.26431357482156,1
1904,-4.965355045957635,5.477941586329312,1
1905,-1.9386065767920275,0.9192421526059347,2
1906,3.124831818856793,-0.37019509646638626,3
1907,7.971617791629844,-2.7622364413318428,3
1908,-7.713997092927563,-1.5390117747521201,4
1909,-0.7314047734110249,3.7741742197212673,2
1910,3.751364944063791,-2.1785750072641576,3
1911,5.884286651508636,-3.2832001149947563,3
1912,7.584039910748205,-0.6684771627318251,3
1913,-0.18299162784308054,4.095296235365688,2
1914,-9.287831094842254,4.042441627685362,1
1915,5.3844904834671485,-4.444922957415519,3
1916,-0.6981357073014354,1.7596627053580838,2
1917,-0.3603202826366976,1.4607395236918521,2
1918,1.1081914535673434,-0.016477745988161097,3
1919,-9.774804583884942,2.092519657877686,1
1920,-7.3668552672910845,5.007223532852786,1
1921,-2.759909182838433,-5.663964880655749,4
1922,-5.213781293176704,-1.94416979338716,4
1923,-8.222401698506845,5.448410072285936,1
1924,-7.316277121749364,5.421894918435502,1
1925,1.1081117478411002,3.691434021107394,2
1926,-1.9971498193662185,-1.5952878666576495,4
1927,-5.078161981411408,-5.749667142652585,4
1928,-0.6365638930953477,3.534612108417796,2
1929,-1.74477938157955,1.0064834924580186,2
1930,-2.547217324665502,-6.032244432003392,4
1931,5.594177290238795,-2.2300496127764045,3
1932,-7.643044843045528,4.023596735393301,1
1933,8.629778660119943,-5.401854467033464,3
1934,-7.053920543378386,5.146618659676179,1
1935,2.255179113873015,-6.015507492111321,3
1936,-5.976095067855122,-5.617035013293446,4
1937,2.7139557000475887,4.965899622136636,2
1938,-0.06038986628779597,2.685201270722637,2
1939,-4.552420095145277,-1.6119759199515384,4
1940,5.597841414295372,2.9937322093546856,2
1941,-3.103414072668168,0.4512277057667835,2
1942,-6.2280791576579615,3.81976590985652,1
1943,-8.370290652363375,3.2731546810347734,1
1944,-7.378534988253977,-3.4386703424519487,4
1945,1.3679383552334947,3.440914055349083,2
1946,-4.035152792360764,-5.636450646601595,4
1947,2.5153376830201313,6.120008895141314,2
1948,2.2397251409310113,-6.142164470489874,3
1949,-2.938525202733901,-6.05999931907425,4
1950,-8.292075008055885,3.978271752422879,1
1951,-5.2164860896735,-0.9127641229157009,4
1952,-8.72151030089353,-7.0724485709174845,4
1953,6.750769132000455,-4.1007772011777135,3
1954,-6.997412457848946,6.237730420929905,1
1955,2.346125948391821,-3.0653503848759245,3
1956,3.7912377354380475,2.8698369720890193,2
1957,0.8247737261816522,1.6371991595078286,2
1958,-0.2527407221615423,-3.835935193458579,4
1959,0.36430143202710075,1.2534151603254877,2
1960,-4.142949929267412,-5.179324839105962,4
1961,-1.3288509435672315,-3.0489178521217695,4
1962,-4.9255563452127475,-3.097088603216812,4
1963,-6.873191478816493,6.483528552781515,1
1964,2.8132299848079207,-3.7916458006611684,3
1965,-5.722654430682159,5.796760368455461,1
1966,2.5851785817028805,2.090264340634537,2
1967,-2.193139228781524,-1.7054385037141873,4
1968,1.8861204408936478,-2.7115086426471233,3
1969,5.830189505906089,2.335486457120821,2
1970,2.7752256042532255,-3.6328017147421696,3
1971,2.3018474580726433,2.9493769400206933,2
1972,5.284417714312063,-3.488748517330386,3
1973,3.0011122162783606,2.4369816281627195,2
1974,2.034460372152962,-3.4850005135141267,3
1975,-5.985851100695667,5.070281233709382,1
1976,-8.207725803769755,5.304490353489112,1
1977,1.3722695675559398,-5.242032313342378,3
1978,-6.808003114584343,5.362650404598909,1
1979,-4.656899272340711,-2.5858308627403135,4
1980,-2.1525750695137136,-3.8039046689405436,4
1981,-3.471888698851981,3.6880103481336852,2
1982,6.520166936861984,-1.3473154234032476,3
1983,3.756858298262867,-0.6631388843083657,3
1984,3.4988496327573153,-5.64167756893646,3
1985,3.9052555860189515,-0.5995252378996869,3
1986,-1.2460348490327395,-3.1869039028373667,4
1987,1.2617202741411884,2.9935371113459324,2
1988,4.478281677120054,-2.3007615282235,3
1989,-4.970242264830681,6.3037300429993905,1
1990,-4.633660045929074,7.164314581057977,1
1991,6.7647932199371335,-1.893849799352468,3
1992,-4.63841126249662,7.7003351130328,1
1993,-1.485339499013676,-5.994396014941387,4
1994,0.3990626645577694,3.328780899484132,2
1995,2.487359310847669,-1.62338227567208,3
1996,5.0844127220524005,8.420592476845602,2
1997,4.602305837354837,-5.8893507768276985,3
1998,-2.813314746813241,-1.4968369199139868,2
1999,2.010348293512539,3.70986434263572,2
